run_id,method,instance,seed,generation,budget_policy,auto_population_size,auto_generations,auto_beam_width,auto_max_depth,auto_decode_budget,restart_index,batch_index,within_batch_index,decode_budget,candidate_id,parent_chromosome_id,depth,trace,status,rank,crowding_distance,selected,storage_total,pick_faces,interior_storage,retrieval_penalty,door_connectivity_index,access_anchor_connectivity_index,has_door_connected_aisle,has_access_anchor_connected_aisle,aisle_components,anchor_connected_components,unanchored_aisle_components,single_aisle_component,access_network_components,aisle_access_network_components,unreachable_aisle_components,unreachable_aisle_cells,has_access_anchor_reachable_aisle_network,exact_width_ok,exact_width_violation_count,chromosome_h_active_count,chromosome_v_active_count,active_h_count,active_v_count,chromosome_index,sorting_rule,sorting_rule_mode,bs_rule_policy,bs_weight_policy,uses_scalar_score,rho,beam_w1,beam_w2,beam_lambda,adaptive_weight_mode,mutation_operator,initialization_mode,initialization_spacing_mode,adaptive_spacing_used,feasible_h_start_count,feasible_v_start_count,adaptive_spacing_mode,adaptive_spacing_alpha,adaptive_spacing_bf,auto_params_used,parameter_source,beta_h,beta_v,h_active_starts,v_active_starts,terminal,safety_max_depth_reached,feasible,feasibility_reason,storage_block_count,chromosome_signature,layout_signature
random_restart_bs_demo_layout_door_left_AW_2_seed_109,random_restart_bs,demo_layout_door_left_AW_2,109,0,auto_from_instance,10,15,3,28,150,1,0,1,150,1,1,12,root > V:11 > BH:13 > BV:7 > BV:3 > BV:7 > BV:3 > BH:23 > BH:19 > BH:15 > BH:11 > BH:7 > BV:16,selected,0,inf,True,242,221,21,19.0,1.0,1.0,True,True,1,1,0,True,3,1,0,0,True,True,0,9,6,9,6,1,LS,sampled_pool,,,False,0.006666666666666667,0.1,0.9933333333333333,0.1,adaptive,,feasible_start_adaptive_spacing,feasible_start_adaptive_spacing,True,21,16,,,,True,,,,"5,12,25","4,11,17",True,,True,,13,"H[5,7,11,12,13,15,19,23,25]|V[3,4,7,11,16,17]",627f5f011286a51e53ea2a3f058907c3bf137492
random_restart_bs_demo_layout_door_left_AW_2_seed_109,random_restart_bs,demo_layout_door_left_AW_2,109,0,auto_from_instance,10,15,3,28,150,1,0,1,150,2,1,12,root > V:11 > BH:13 > BV:7 > BV:3 > BV:7 > BV:3 > BH:23 > BH:19 > BH:15 > BH:11 > BH:7 > BV:15,evaluated,1,inf,False,242,221,21,31.0,1.0,1.0,True,True,1,1,0,True,3,1,0,0,True,True,0,9,6,9,6,1,LS,sampled_pool,,,False,0.006666666666666667,0.1,0.9933333333333333,0.1,adaptive,,feasible_start_adaptive_spacing,feasible_start_adaptive_spacing,True,21,16,,,,True,,,,"5,12,25","4,11,17",True,,True,,13,"H[5,7,11,12,13,15,19,23,25]|V[3,4,7,11,15,17]",74a43f34c28513c177b45dfa11b4ad5018267e66
random_restart_bs_demo_layout_door_left_AW_2_seed_109,random_restart_bs,demo_layout_door_left_AW_2,109,0,auto_from_instance,10,15,3,28,150,1,0,1,150,3,1,12,root > V:11 > BH:13 > BV:7 > BV:3 > BV:7 > BV:3 > BH:23 > BH:19 > BH:15 > BH:11 > BH:6 > BV:16,evaluated,1,inf,False,244,218,26,24.0,1.0,1.0,True,True,1,1,0,True,3,1,0,0,True,True,0,9,6,9,6,1,LS,sampled_pool,,,False,0.006666666666666667,0.1,0.9933333333333333,0.1,adaptive,,feasible_start_adaptive_spacing,feasible_start_adaptive_spacing,True,21,16,,,,True,,,,"5,12,25","4,11,17",True,,True,,13,"H[5,6,11,12,13,15,19,23,25]|V[3,4,7,11,16,17]",9d2bef254fe4200a905b834b4fd660ac7b32ca84
random_restart_bs_demo_layout_door_left_AW_2_seed_109,random_restart_bs,demo_layout_door_left_AW_2,109,0,auto_from_instance,10,15,3,28,150,2,0,2,150,4,2,10,root > V:8 > BH:13 > BV:4 > BV:4 > BH:23 > BH:19 > BH:15 > BH:3 > BH:11 > BH:7,evaluated,5,0.2857318120476015,False,258,212,46,44.0,1.0,1.0,True,True,1,1,0,True,3,1,0,0,True,True,0,9,4,9,4,2,PF_SS,sampled_pool,,,True,0.013333333333333334,0.1,0.9866666666666667,0.1,adaptive,,feasible_start_adaptive_spacing,feasible_start_adaptive_spacing,True,21,16,,,,True,,,,"7,14,16","6,8,16",True,,True,,11,"H[3,7,11,13,14,15,16,19,23]|V[4,6,8,16]",5382aab920c5539fcb39e25aec6e49624d707d86
random_restart_bs_demo_layout_door_left_AW_2_seed_109,random_restart_bs,demo_layout_door_left_AW_2,109,0,auto_from_instance,10,15,3,28,150,2,0,2,150,5,2,10,root > V:8 > BH:13 > BV:3 > BV:4 > BH:23 > BH:19 > BH:15 > BH:3 > BH:11 > BH:7,evaluated,5,0.3428413691571586,False,258,212,46,44.0,1.0,1.0,True,True,1,1,0,True,3,1,0,0,True,True,0,9,5,9,5,2,PF_SS,sampled_pool,,,True,0.013333333333333334,0.1,0.9866666666666667,0.1,adaptive,,feasible_start_adaptive_spacing,feasible_start_adaptive_spacing,True,21,16,,,,True,,,,"7,14,16","6,8,16",True,,True,,11,"H[3,7,11,13,14,15,16,19,23]|V[3,4,6,8,16]",55857005a9af903814d61724086d6cd14ef01745
random_restart_bs_demo_layout_door_left_AW_2_seed_109,random_restart_bs,demo_layout_door_left_AW_2,109,0,auto_from_instance,10,15,3,28,150,3,0,3,150,6,3,8,root > H:23 > BH:3 > BV:8 > BV:4 > BH:15 > BH:11 > BH:19 > BH:7,evaluated,7,1.0084415584415585,False,264,206,58,56.0,1.0,1.0,True,True,1,1,0,True,2,1,0,0,True,True,0,7,5,7,5,3,PF_SS_RP,sampled_pool,,,True,0.02,0.1,0.98,0.1,adaptive,,feasible_start_adaptive_spacing,feasible_start_adaptive_spacing,True,21,16,,,,True,,,,"11,21,23","1,17,18",True,,True,,9,"H[3,7,11,15,19,21,23]|V[1,4,8,17,18]",b4f3b6b1f3b7c162f1aa47b8e32924f8269a1747
random_restart_bs_demo_layout_door_left_AW_2_seed_109,random_restart_bs,demo_layout_door_left_AW_2,109,0,auto_from_instance,10,15,3,28,150,4,0,4,150,7,4,8,root > V:18 > BH:13 > BV:7 > BV:13 > BV:14 > BV:3 > BV:7 > BV:3,evaluated,12,3.0,False,262,190,72,72.0,1.0,1.0,True,True,1,1,0,True,3,1,0,0,True,True,0,4,6,4,6,4,LS_PF,sampled_pool,,,False,0.02666666666666667,0.1,0.9733333333333334,0.1,adaptive,,feasible_start_adaptive_spacing,feasible_start_adaptive_spacing,True,21,16,,,,True,,,,"2,10,19","3,5,18",True,,True,,8,"H[2,10,13,19]|V[3,5,7,13,14,18]",53a1a3ab60ce1d5c7204f631e9b4fa1bffd1cf10
random_restart_bs_demo_layout_door_left_AW_2_seed_109,random_restart_bs,demo_layout_door_left_AW_2,109,0,auto_from_instance,10,15,3,28,150,4,0,4,150,8,4,8,root > V:18 > BH:13 > BV:13 > BV:13 > BV:7 > BV:3 > BV:7 > BV:3,evaluated,7,0.5909090909090909,False,262,190,72,48.0,1.0,1.0,True,True,1,1,0,True,3,1,0,0,True,True,0,4,5,4,5,4,LS_PF,sampled_pool,,,False,0.02666666666666667,0.1,0.9733333333333334,0.1,adaptive,,feasible_start_adaptive_spacing,feasible_start_adaptive_spacing,True,21,16,,,,True,,,,"2,10,19","3,5,18",True,,True,,8,"H[2,10,13,19]|V[3,5,7,13,18]",256654e161fb28160fc32f7d1c5a7de24236b09f
random_restart_bs_demo_layout_door_left_AW_2_seed_109,random_restart_bs,demo_layout_door_left_AW_2,109,0,auto_from_instance,10,15,3,28,150,4,0,4,150,9,4,8,root > V:18 > BH:13 > BV:12 > BV:13 > BV:7 > BV:3 > BV:7 > BV:3,evaluated,7,inf,False,262,190,72,48.0,1.0,1.0,True,True,1,1,0,True,3,1,0,0,True,True,0,4,6,4,6,4,LS_PF,sampled_pool,,,False,0.02666666666666667,0.1,0.9733333333333334,0.1,adaptive,,feasible_start_adaptive_spacing,feasible_start_adaptive_spacing,True,21,16,,,,True,,,,"2,10,19","3,5,18",True,,True,,8,"H[2,10,13,19]|V[3,5,7,12,13,18]",6ae20d0144cb753ab7ed1f9266f801a5adbe467e
random_restart_bs_demo_layout_door_left_AW_2_seed_109,random_restart_bs,demo_layout_door_left_AW_2,109,0,auto_from_instance,10,15,3,28,150,5,0,5,150,10,5,9,root > H:14 > BV:3 > BV:15 > BV:7 > BV:11 > BV:4 > BV:16 > BV:12 > BV:8,evaluated,6,0.9032746823069404,False,262,212,50,74.0,1.0,1.0,True,True,1,1,0,True,3,1,0,0,True,True,0,3,10,3,10,5,PF_LS_RP,sampled_pool,,,False,0.03333333333333333,0.1,0.9666666666666667,0.1,adaptive,,feasible_start_adaptive_spacing,feasible_start_adaptive_spacing,True,21,16,,,,True,,,,"14,19,21","1,3,5",True,,True,,10,"H[14,19,21]|V[1,3,4,5,7,8,11,12,15,16]",c6b0b65d25eac4da7f3c4bdd866b60aca21467ab
random_restart_bs_demo_layout_door_left_AW_2_seed_109,random_restart_bs,demo_layout_door_left_AW_2,109,0,auto_from_instance,10,15,3,28,150,6,0,6,150,11,6,12,root > V:13 > BH:13 > BV:7 > BV:7 > BV:3 > BV:3 > BH:23 > BH:19 > BH:15 > BH:11 > BH:7 > BH:3,evaluated,3,inf,False,260,202,58,34.0,1.0,1.0,True,True,1,1,0,True,3,1,0,0,True,True,0,9,5,9,5,6,SS_LS_PF,sampled_pool,,,True,0.04,0.1,0.96,0.1,adaptive,,feasible_start_adaptive_spacing,feasible_start_adaptive_spacing,True,21,16,,,,True,,,,"5,11,20","4,13,14",True,,True,,13,"H[3,5,7,11,13,15,19,20,23]|V[3,4,7,13,14]",146759e3ef785e80ae78bd95708e7576b0df1241
random_restart_bs_demo_layout_door_left_AW_2_seed_109,random_restart_bs,demo_layout_door_left_AW_2,109,0,auto_from_instance,10,15,3,28,150,6,0,6,150,12,6,12,root > V:13 > BH:13 > BV:7 > BV:7 > BV:3 > BV:3 > BH:3 > BH:7 > BH:11 > BH:15 > BH:19 > BH:25,evaluated,4,inf,False,260,197,63,34.0,1.0,1.0,True,True,1,1,0,True,3,1,0,0,True,True,0,9,5,9,5,6,SS_LS_PF,sampled_pool,,,True,0.04,0.1,0.96,0.1,adaptive,,feasible_start_adaptive_spacing,feasible_start_adaptive_spacing,True,21,16,,,,True,,,,"5,11,20","4,13,14",True,,True,,12,"H[3,5,7,11,13,15,19,20,25]|V[3,4,7,13,14]",4317ed1efabe31038ca0b969ea3e4e750cdf03f2
random_restart_bs_demo_layout_door_left_AW_2_seed_109,random_restart_bs,demo_layout_door_left_AW_2,109,0,auto_from_instance,10,15,3,28,150,8,0,8,150,13,8,9,root > H:16 > BV:15 > BV:7 > BV:16 > BV:7 > BV:12 > BV:3 > BV:11 > BV:3,evaluated,5,0.9352840142313827,False,262,213,49,78.0,1.0,1.0,True,True,1,1,0,True,3,1,0,0,True,True,0,3,9,3,9,8,RP_LS,sampled_pool,,,False,0.05333333333333334,0.1,0.9466666666666667,0.1,adaptive,,feasible_start_adaptive_spacing,feasible_start_adaptive_spacing,True,21,16,,,,True,,,,"3,5,16","1,2,4",True,,True,,10,"H[3,5,16]|V[1,2,3,4,7,11,12,15,16]",42bf89b01a1ee0738d0f948d8d7c80077302b1bd
random_restart_bs_demo_layout_door_left_AW_2_seed_109,random_restart_bs,demo_layout_door_left_AW_2,109,0,auto_from_instance,10,15,3,28,150,8,0,8,150,14,8,9,root > H:16 > BV:15 > BV:7 > BV:15 > BV:7 > BV:3 > BV:11 > BV:3 > BV:11,evaluated,8,inf,False,262,212,50,96.0,1.0,1.0,True,True,1,1,0,True,3,1,0,0,True,True,0,3,7,3,7,8,RP_LS,sampled_pool,,,False,0.05333333333333334,0.1,0.9466666666666667,0.1,adaptive,,feasible_start_adaptive_spacing,feasible_start_adaptive_spacing,True,21,16,,,,True,,,,"3,5,16","1,2,4",True,,True,,10,"H[3,5,16]|V[1,2,3,4,7,11,15]",0ce0b9cc3dc58ca828aca62597537473c339c83c
random_restart_bs_demo_layout_door_left_AW_2_seed_109,random_restart_bs,demo_layout_door_left_AW_2,109,0,auto_from_instance,10,15,3,28,150,9,0,9,150,15,9,11,root > V:7 > BH:13 > BV:3 > BV:3 > BH:23 > BH:19 > BH:15 > BH:6 > BH:11 > BV:12 > BV:16,evaluated,2,inf,False,250,217,33,32.0,1.0,1.0,True,True,1,1,0,True,3,1,0,0,True,True,0,7,5,7,5,9,PF,sampled_pool,,,False,0.06,0.1,0.94,0.1,adaptive,,feasible_start_adaptive_spacing,feasible_start_adaptive_spacing,True,21,16,,,,True,,,,"4,11,13","1,7,16",True,,True,,12,"H[4,6,11,13,15,19,23]|V[1,3,7,12,16]",b62ea749e3fce8643573af675ab9f90c84fcf614
random_restart_bs_demo_layout_door_left_AW_2_seed_109,random_restart_bs,demo_layout_door_left_AW_2,109,0,auto_from_instance,10,15,3,28,150,9,0,9,150,16,9,11,root > V:7 > BH:13 > BV:3 > BV:3 > BH:23 > BH:19 > BH:15 > BH:6 > BH:11 > BV:11 > BV:16,evaluated,2,inf,False,250,217,33,32.0,1.0,1.0,True,True,1,1,0,True,3,1,0,0,True,True,0,7,5,7,5,9,PF,sampled_pool,,,False,0.06,0.1,0.94,0.1,adaptive,,feasible_start_adaptive_spacing,feasible_start_adaptive_spacing,True,21,16,,,,True,,,,"4,11,13","1,7,16",True,,True,,12,"H[4,6,11,13,15,19,23]|V[1,3,7,11,16]",d0a2e8dd15166a7035937e51a05a404a1baaeabb
random_restart_bs_demo_layout_door_left_AW_2_seed_109,random_restart_bs,demo_layout_door_left_AW_2,109,0,auto_from_instance,10,15,3,28,150,9,0,9,150,17,9,11,root > V:7 > BH:13 > BV:3 > BV:3 > BH:23 > BH:19 > BH:15 > BH:6 > BH:11 > BV:11 > BV:15,evaluated,3,inf,False,250,217,33,42.0,1.0,1.0,True,True,1,1,0,True,3,1,0,0,True,True,0,7,6,7,6,9,PF,sampled_pool,,,False,0.06,0.1,0.94,0.1,adaptive,,feasible_start_adaptive_spacing,feasible_start_adaptive_spacing,True,21,16,,,,True,,,,"4,11,13","1,7,16",True,,True,,12,"H[4,6,11,13,15,19,23]|V[1,3,7,11,15,16]",b6e1f895fafbdfca7d855d469e642285fd11f595
random_restart_bs_demo_layout_door_left_AW_2_seed_109,random_restart_bs,demo_layout_door_left_AW_2,109,0,auto_from_instance,10,15,3,28,150,10,0,10,150,18,10,8,root > V:15 > BH:13 > BV:7 > BV:7 > BV:3 > BV:3 > BV:11 > BV:11,evaluated,6,inf,False,268,214,54,104.0,1.0,1.0,True,True,1,1,0,True,3,1,0,0,True,True,0,4,5,4,5,10,SS_LS_PF,sampled_pool,,,True,0.06666666666666667,0.13021395226838417,0.9333333333333333,0.1,adaptive,,feasible_start_adaptive_spacing,feasible_start_adaptive_spacing,True,21,16,,,,True,,,,"4,12,24","3,15,17",True,,True,,9,"H[4,12,13,24]|V[3,7,11,15,17]",81347b9f72276c28618e0af7b5d4aafe7ae7ee4f
random_restart_bs_demo_layout_door_left_AW_2_seed_109,random_restart_bs,demo_layout_door_left_AW_2,109,1,auto_from_instance,10,15,3,28,150,12,1,2,150,19,12,12,root > V:12 > BH:13 > BV:7 > BV:7 > BH:22 > BH:14 > BH:6 > BV:16 > BV:3 > BV:3 > BH:18 > BH:10,evaluated,5,inf,False,252,211,41,53.0,1.0,1.0,True,True,1,1,0,True,3,1,0,0,True,True,0,7,6,7,6,12,RP_LS,sampled_pool,,,False,0.08,0.1,0.92,0.1,adaptive,,feasible_start_adaptive_spacing,feasible_start_adaptive_spacing,True,21,16,,,,True,,,,"5,6,22","5,12,17",True,,True,,13,"H[5,6,10,13,14,18,22]|V[3,5,7,12,16,17]",cde7e02f65ba0f4bfa087937e60f3ffbcdd2593f
random_restart_bs_demo_layout_door_left_AW_2_seed_109,random_restart_bs,demo_layout_door_left_AW_2,109,1,auto_from_instance,10,15,3,28,150,12,1,2,150,20,12,12,root > V:12 > BH:13 > BV:7 > BV:7 > BH:22 > BH:14 > BH:6 > BV:16 > BV:3 > BV:3 > BH:10 > BV:16,evaluated,7,0.23474025974025975,False,252,205,47,59.0,1.0,1.0,True,True,1,1,0,True,3,1,0,0,True,True,0,6,6,6,6,12,RP_LS,sampled_pool,,,False,0.08,0.1,0.92,0.1,adaptive,,feasible_start_adaptive_spacing,feasible_start_adaptive_spacing,True,21,16,,,,True,,,,"5,6,22","5,12,17",True,,True,,13,"H[5,6,10,13,14,22]|V[3,5,7,12,16,17]",ab31b9ee804bbbf9b9577ac402d3df32d5242d59
random_restart_bs_demo_layout_door_left_AW_2_seed_109,random_restart_bs,demo_layout_door_left_AW_2,109,1,auto_from_instance,10,15,3,28,150,12,1,2,150,21,12,12,root > V:12 > BH:13 > BV:7 > BV:7 > BH:22 > BH:14 > BH:6 > BV:16 > BV:3 > BV:3 > BH:18 > BV:16,evaluated,7,0.4766233766233766,False,252,205,47,59.0,1.0,1.0,True,True,1,1,0,True,3,1,0,0,True,True,0,6,6,6,6,12,RP_LS,sampled_pool,,,False,0.08,0.1,0.92,0.1,adaptive,,feasible_start_adaptive_spacing,feasible_start_adaptive_spacing,True,21,16,,,,True,,,,"5,6,22","5,12,17",True,,True,,13,"H[5,6,13,14,18,22]|V[3,5,7,12,16,17]",7ddefe84595053a41131cfd89ef85cec0712a59e
random_restart_bs_demo_layout_door_left_AW_2_seed_109,random_restart_bs,demo_layout_door_left_AW_2,109,1,auto_from_instance,10,15,3,28,150,13,1,3,150,22,13,11,root > V:8 > BH:13 > BV:4 > BV:4 > BH:23 > BH:19 > BH:15 > BH:11 > BH:6 > BV:12 > BV:16,evaluated,6,0.15303030303030302,False,258,208,50,49.0,1.0,1.0,True,True,1,1,0,True,3,1,0,0,True,True,0,8,6,8,6,13,PF_LS,sampled_pool,,,False,0.08666666666666667,0.1,0.9133333333333333,0.1,adaptive,,feasible_start_adaptive_spacing,feasible_start_adaptive_spacing,True,21,16,,,,True,,,,"5,7,11","3,5,8",True,,True,,12,"H[5,6,7,11,13,15,19,23]|V[3,4,5,8,12,16]",ef13e0391c094dc2b7599f68f27f31730156d0a7
random_restart_bs_demo_layout_door_left_AW_2_seed_109,random_restart_bs,demo_layout_door_left_AW_2,109,1,auto_from_instance,10,15,3,28,150,13,1,3,150,23,13,11,root > V:8 > BH:13 > BV:3 > BV:4 > BH:23 > BH:19 > BH:15 > BH:11 > BH:6 > BV:12 > BV:16,evaluated,6,0.269941348973607,False,258,208,50,49.0,1.0,1.0,True,True,1,1,0,True,3,1,0,0,True,True,0,8,6,8,6,13,PF_LS,sampled_pool,,,False,0.08666666666666667,0.1,0.9133333333333333,0.1,adaptive,,feasible_start_adaptive_spacing,feasible_start_adaptive_spacing,True,21,16,,,,True,,,,"5,7,11","3,5,8",True,,True,,12,"H[5,6,7,11,13,15,19,23]|V[3,4,5,8,12,16]",b3c36892cb4aa74551b841db64a4f25ab5927c82
random_restart_bs_demo_layout_door_left_AW_2_seed_109,random_restart_bs,demo_layout_door_left_AW_2,109,1,auto_from_instance,10,15,3,28,150,13,1,3,150,24,13,11,root > V:8 > BH:13 > BV:4 > BV:4 > BH:23 > BH:19 > BH:15 > BH:11 > BH:6 > BV:12 > BV:18,evaluated,7,1.0194805194805197,False,258,203,55,49.0,1.0,1.0,True,True,1,1,0,True,3,1,0,0,True,True,0,8,6,8,6,13,PF_LS,sampled_pool,,,False,0.08666666666666667,0.1,0.9133333333333333,0.1,adaptive,,feasible_start_adaptive_spacing,feasible_start_adaptive_spacing,True,21,16,,,,True,,,,"5,7,11","3,5,8",True,,True,,11,"H[5,6,7,11,13,15,19,23]|V[3,4,5,8,12,18]",258ec1b463d78761bcb641c5063041e06a9a6749
random_restart_bs_demo_layout_door_left_AW_2_seed_109,random_restart_bs,demo_layout_door_left_AW_2,109,1,auto_from_instance,10,15,3,28,150,16,1,6,150,25,16,14,root > V:14 > BH:13 > BV:7 > BV:7 > BV:3 > BH:3 > BH:9 > BH:15 > BH:21 > BV:3 > BH:25 > BV:18 > BV:18 > BV:18,evaluated,15,inf,False,254,178,76,100.0,1.0,1.0,True,True,1,1,0,True,3,1,0,0,True,True,0,8,6,8,6,16,RP_LS,sampled_pool,,,False,0.10666666666666667,0.12927736506652285,0.8933333333333333,0.1,adaptive,,feasible_start_adaptive_spacing,feasible_start_adaptive_spacing,True,21,16,,,,True,,,,"12,19,25","5,8,14",True,,True,,11,"H[3,9,12,13,15,19,21,25]|V[3,5,7,8,14,18]",a354c386da723abc62011db88f2ae34c351bc823
random_restart_bs_demo_layout_door_left_AW_2_seed_109,random_restart_bs,demo_layout_door_left_AW_2,109,1,auto_from_instance,10,15,3,28,150,16,1,6,150,26,16,14,root > V:14 > BH:13 > BV:7 > BV:7 > BV:3 > BH:3 > BH:9 > BH:15 > BH:21 > BV:3 > BV:18 > BV:18 > BV:18 > BV:18,evaluated,15,0.3,False,254,178,76,100.0,1.0,1.0,True,True,1,1,0,True,3,1,0,0,True,True,0,8,6,8,6,16,RP_LS,sampled_pool,,,False,0.10666666666666667,0.12927736506652285,0.8933333333333333,0.1,adaptive,,feasible_start_adaptive_spacing,feasible_start_adaptive_spacing,True,21,16,,,,True,,,,"12,19,25","5,8,14",True,,True,,11,"H[3,9,12,13,15,19,21,25]|V[3,5,7,8,14,18]",970f2e9a2797e59180d5ee42514cdcd62656fdc5
random_restart_bs_demo_layout_door_left_AW_2_seed_109,random_restart_bs,demo_layout_door_left_AW_2,109,1,auto_from_instance,10,15,3,28,150,17,1,7,150,27,17,12,root > V:12 > BH:13 > BV:7 > BV:7 > BV:3 > BV:3 > BH:23 > BH:19 > BH:15 > BH:11 > BH:3 > BH:7,evaluated,3,0.4153846153846154,False,250,214,36,36.0,1.0,1.0,True,True,1,1,0,True,3,1,0,0,True,True,0,10,4,10,4,17,SS,sampled_pool,,,True,0.11333333333333333,0.11565132277516098,0.8866666666666667,0.1,adaptive,,feasible_start_adaptive_spacing,feasible_start_adaptive_spacing,True,21,16,,,,True,,,,"4,6,22","7,12,17",True,,True,,13,"H[3,4,6,7,11,13,15,19,22,23]|V[3,7,12,17]",eb03952090a874660b7fb214554a0aa56a73029e
random_restart_bs_demo_layout_door_left_AW_2_seed_109,random_restart_bs,demo_layout_door_left_AW_2,109,1,auto_from_instance,10,15,3,28,150,17,1,7,150,28,17,12,root > V:12 > BH:13 > BV:7 > BV:7 > BV:3 > BV:3 > BH:3 > BH:7 > BH:11 > BH:15 > BH:23 > BV:16,evaluated,5,0.28027235921972765,False,250,208,42,42.0,1.0,1.0,True,True,1,1,0,True,3,1,0,0,True,True,0,9,5,9,5,17,SS,sampled_pool,,,True,0.11333333333333333,0.11565132277516098,0.8866666666666667,0.1,adaptive,,feasible_start_adaptive_spacing,feasible_start_adaptive_spacing,True,21,16,,,,True,,,,"4,6,22","7,12,17",True,,True,,13,"H[3,4,6,7,11,13,15,22,23]|V[3,7,12,16,17]",00a9d8d47000946aa25bf8cbdb36931d5b5d4b7d
random_restart_bs_demo_layout_door_left_AW_2_seed_109,random_restart_bs,demo_layout_door_left_AW_2,109,1,auto_from_instance,10,15,3,28,150,17,1,7,150,29,17,12,root > V:12 > BH:13 > BV:7 > BV:7 > BV:3 > BV:3 > BH:23 > BH:19 > BH:15 > BH:11 > BH:3 > BV:16,evaluated,5,0.8120476015212857,False,250,208,42,42.0,1.0,1.0,True,True,1,1,0,True,3,1,0,0,True,True,0,9,5,9,5,17,SS,sampled_pool,,,True,0.11333333333333333,0.11565132277516098,0.8866666666666667,0.1,adaptive,,feasible_start_adaptive_spacing,feasible_start_adaptive_spacing,True,21,16,,,,True,,,,"4,6,22","7,12,17",True,,True,,13,"H[3,4,6,11,13,15,19,22,23]|V[3,7,12,16,17]",d0525a507710a5664c0df826d850c16891cba894
random_restart_bs_demo_layout_door_left_AW_2_seed_109,random_restart_bs,demo_layout_door_left_AW_2,109,1,auto_from_instance,10,15,3,28,150,20,1,10,150,30,20,8,root > V:16 > BH:13 > BV:12 > BV:12 > BV:7 > BV:3 > BV:7 > BV:3,evaluated,5,inf,False,266,216,50,50.0,1.0,1.0,True,True,1,1,0,True,3,1,0,0,True,True,0,4,6,4,6,20,LS,sampled_pool,,,False,0.13333333333333333,0.12247307246302537,0.8666666666666667,0.1,adaptive,,feasible_start_adaptive_spacing,feasible_start_adaptive_spacing,True,21,16,,,,True,,,,"4,12,16","1,16,17",True,,True,,9,"H[4,12,13,16]|V[1,3,7,12,16,17]",63c9c1384eb0d63f6756e5f6c6567bc893aa1bf9
random_restart_bs_demo_layout_door_left_AW_2_seed_109,random_restart_bs,demo_layout_door_left_AW_2,109,2,auto_from_instance,10,15,3,28,150,22,2,2,150,31,22,9,root > V:5 > BH:13 > BH:23 > BH:19 > BH:15 > BH:6 > BH:11 > BV:10 > BV:16,evaluated,11,inf,False,282,187,95,65.0,1.0,1.0,True,True,1,1,0,True,3,1,0,0,True,True,0,8,5,8,5,22,PF,sampled_pool,,,False,0.14666666666666667,0.18735978902582168,0.8533333333333333,0.1,adaptive,,feasible_start_adaptive_spacing,feasible_start_adaptive_spacing,True,21,16,,,,True,,,,"6,10,25","5,6,18",True,,True,,10,"H[6,10,11,13,15,19,23,25]|V[5,6,10,16,18]",cf1b374a8a0d4fecf0a5012c2d7fabe2f58abdb4
random_restart_bs_demo_layout_door_left_AW_2_seed_109,random_restart_bs,demo_layout_door_left_AW_2,109,2,auto_from_instance,10,15,3,28,150,22,2,2,150,32,22,9,root > V:5 > BH:13 > BH:23 > BH:19 > BH:15 > BH:6 > BH:11 > BV:10 > BV:15,evaluated,14,1.326501085121775,False,282,187,95,80.0,1.0,1.0,True,True,1,1,0,True,3,1,0,0,True,True,0,8,5,8,5,22,PF,sampled_pool,,,False,0.14666666666666667,0.18735978902582168,0.8533333333333333,0.1,adaptive,,feasible_start_adaptive_spacing,feasible_start_adaptive_spacing,True,21,16,,,,True,,,,"6,10,25","5,6,18",True,,True,,10,"H[6,10,11,13,15,19,23,25]|V[5,6,10,15,18]",c92ee19733116841922fd258269245a73073551c
random_restart_bs_demo_layout_door_left_AW_2_seed_109,random_restart_bs,demo_layout_door_left_AW_2,109,2,auto_from_instance,10,15,3,28,150,22,2,2,150,33,22,9,root > V:5 > BH:13 > BH:23 > BH:19 > BH:15 > BH:6 > BH:11 > BV:10 > BV:14,evaluated,15,inf,False,282,187,95,100.0,1.0,1.0,True,True,1,1,0,True,3,1,0,0,True,True,0,8,5,8,5,22,PF,sampled_pool,,,False,0.14666666666666667,0.18735978902582168,0.8533333333333333,0.1,adaptive,,feasible_start_adaptive_spacing,feasible_start_adaptive_spacing,True,21,16,,,,True,,,,"6,10,25","5,6,18",True,,True,,10,"H[6,10,11,13,15,19,23,25]|V[5,6,10,14,18]",7064adc3725b52ce925c54e139e3b015fd351f21
random_restart_bs_demo_layout_door_left_AW_2_seed_109,random_restart_bs,demo_layout_door_left_AW_2,109,2,auto_from_instance,10,15,3,28,150,23,2,3,150,34,23,11,root > V:11 > BH:13 > BV:5 > BV:7 > BV:3 > BH:23 > BH:19 > BH:15 > BH:11 > BH:3 > BH:7,evaluated,4,0.47496807151979564,False,264,200,64,38.0,1.0,1.0,True,True,1,1,0,True,3,1,0,0,True,True,0,10,6,10,6,23,SS_PF_LS,sampled_pool,,,True,0.15333333333333332,0.12813991526181268,0.8466666666666667,0.1,adaptive,,feasible_start_adaptive_spacing,feasible_start_adaptive_spacing,True,21,16,,,,True,,,,"16,22,24","11,16,17",True,,True,,12,"H[3,7,11,13,15,16,19,22,23,24]|V[3,5,7,11,16,17]",8fa184aa4be39d0c9d758e1c08b392ab55edf5aa
random_restart_bs_demo_layout_door_left_AW_2_seed_109,random_restart_bs,demo_layout_door_left_AW_2,109,2,auto_from_instance,10,15,3,28,150,23,2,3,150,35,23,11,root > V:11 > BH:13 > BV:5 > BV:7 > BV:3 > BH:23 > BH:19 > BH:15 > BH:11 > BH:3 > BH:7,evaluated,4,inf,False,264,200,64,38.0,1.0,1.0,True,True,1,1,0,True,3,1,0,0,True,True,0,10,6,10,6,23,SS_PF_LS,sampled_pool,,,True,0.15333333333333332,0.12813991526181268,0.8466666666666667,0.1,adaptive,,feasible_start_adaptive_spacing,feasible_start_adaptive_spacing,True,21,16,,,,True,,,,"16,22,24","11,16,17",True,,True,,12,"H[3,7,11,13,15,16,19,22,23,24]|V[3,5,7,11,16,17]",dedb4967895b2fe3059d4245746810528f1d75e3
random_restart_bs_demo_layout_door_left_AW_2_seed_109,random_restart_bs,demo_layout_door_left_AW_2,109,2,auto_from_instance,10,15,3,28,150,28,2,8,150,36,28,11,root > V:5 > BH:13 > BH:6 > BH:21 > BH:14 > BH:10 > BV:11 > BV:16 > BV:9 > BV:13 > BV:18,evaluated,15,1.0333333333333334,False,284,172,112,95.0,1.0,1.0,True,True,1,1,0,True,3,1,0,0,True,True,0,7,8,7,8,28,SS_LS_PF,sampled_pool,,,True,0.18666666666666668,0.18936298269659332,0.8133333333333334,0.1,adaptive,,feasible_start_adaptive_spacing,feasible_start_adaptive_spacing,True,21,16,,,,True,,,,"5,15,21","3,5,17",True,,True,,11,"H[5,6,10,13,14,15,21]|V[3,5,9,11,13,16,17,18]",4e38957918378af0eb112d16c955e2ed7a771dd0
random_restart_bs_demo_layout_door_left_AW_2_seed_109,random_restart_bs,demo_layout_door_left_AW_2,109,2,auto_from_instance,10,15,3,28,150,28,2,8,150,37,28,11,root > V:5 > BH:13 > BH:6 > BH:21 > BH:14 > BH:10 > BV:10 > BV:16 > BV:9 > BV:13 > BV:18,evaluated,15,1.0441176470588236,False,284,172,112,95.0,1.0,1.0,True,True,1,1,0,True,3,1,0,0,True,True,0,7,8,7,8,28,SS_LS_PF,sampled_pool,,,True,0.18666666666666668,0.18936298269659332,0.8133333333333334,0.1,adaptive,,feasible_start_adaptive_spacing,feasible_start_adaptive_spacing,True,21,16,,,,True,,,,"5,15,21","3,5,17",True,,True,,11,"H[5,6,10,13,14,15,21]|V[3,5,9,10,13,16,17,18]",5c3f090ef1bf312fe71f5a15687eead040de07c8
random_restart_bs_demo_layout_door_left_AW_2_seed_109,random_restart_bs,demo_layout_door_left_AW_2,109,2,auto_from_instance,10,15,3,28,150,28,2,8,150,38,28,11,root > V:5 > BH:13 > BH:6 > BH:21 > BH:14 > BH:10 > BV:11 > BV:15 > BV:9 > BV:13 > BV:18,evaluated,17,inf,False,284,172,112,105.0,1.0,1.0,True,True,1,1,0,True,3,1,0,0,True,True,0,7,8,7,8,28,SS_LS_PF,sampled_pool,,,True,0.18666666666666668,0.18936298269659332,0.8133333333333334,0.1,adaptive,,feasible_start_adaptive_spacing,feasible_start_adaptive_spacing,True,21,16,,,,True,,,,"5,15,21","3,5,17",True,,True,,11,"H[5,6,10,13,14,15,21]|V[3,5,9,11,13,15,17,18]",3557da7d8cb602aac915abf79d206f2de248a881
random_restart_bs_demo_layout_door_left_AW_2_seed_109,random_restart_bs,demo_layout_door_left_AW_2,109,3,auto_from_instance,10,15,3,28,150,33,3,3,150,39,33,11,root > H:20 > BH:15 > BV:8 > BV:15 > BV:7 > BV:3 > BV:11 > BV:4 > BV:8 > BV:12 > BV:16,evaluated,9,inf,False,258,203,55,83.0,1.0,1.0,True,True,1,1,0,True,2,1,0,0,True,True,0,4,9,4,9,33,PF_LS,sampled_pool,,,False,0.22,0.3324165827319123,0.78,0.1,adaptive,,feasible_start_adaptive_spacing,feasible_start_adaptive_spacing,True,21,16,,,,True,,,,"13,19,20","1,8,15",True,,True,,12,"H[13,15,19,20]|V[1,3,4,7,8,11,12,15,16]",d982518f4ebf864395137220166f996a762679c6
random_restart_bs_demo_layout_door_left_AW_2_seed_109,random_restart_bs,demo_layout_door_left_AW_2,109,3,auto_from_instance,10,15,3,28,150,33,3,3,150,40,33,11,root > H:20 > BH:15 > BV:8 > BV:15 > BV:7 > BV:3 > BV:11 > BV:3 > BV:8 > BV:12 > BV:16,evaluated,9,0.0,False,258,203,55,83.0,1.0,1.0,True,True,1,1,0,True,2,1,0,0,True,True,0,4,8,4,8,33,PF_LS,sampled_pool,,,False,0.22,0.3324165827319123,0.78,0.1,adaptive,,feasible_start_adaptive_spacing,feasible_start_adaptive_spacing,True,21,16,,,,True,,,,"13,19,20","1,8,15",True,,True,,12,"H[13,15,19,20]|V[1,3,7,8,11,12,15,16]",86bb020c709b03a0c23c5e454acf0ac9f6caa729
random_restart_bs_demo_layout_door_left_AW_2_seed_109,random_restart_bs,demo_layout_door_left_AW_2,109,3,auto_from_instance,10,15,3,28,150,33,3,3,150,41,33,11,root > H:20 > BH:15 > BV:8 > BV:15 > BV:7 > BV:3 > BV:11 > BV:3 > BV:7 > BV:11 > BV:16,evaluated,9,inf,False,258,203,55,83.0,1.0,1.0,True,True,1,1,0,True,2,1,0,0,True,True,0,4,7,4,7,33,PF_LS,sampled_pool,,,False,0.22,0.3324165827319123,0.78,0.1,adaptive,,feasible_start_adaptive_spacing,feasible_start_adaptive_spacing,True,21,16,,,,True,,,,"13,19,20","1,8,15",True,,True,,12,"H[13,15,19,20]|V[1,3,7,8,11,15,16]",c45f841049699ac7c3f33dc754d38f31acf59f4a
random_restart_bs_demo_layout_door_left_AW_2_seed_109,random_restart_bs,demo_layout_door_left_AW_2,109,3,auto_from_instance,10,15,3,28,150,34,3,4,150,42,34,12,root > V:13 > BH:13 > BV:7 > BV:3 > BV:7 > BV:3 > BH:23 > BH:19 > BH:15 > BH:11 > BH:6 > BV:18,evaluated,5,inf,False,260,197,63,39.0,1.0,1.0,True,True,1,1,0,True,3,1,0,0,True,True,0,8,6,8,6,34,LS,sampled_pool,,,False,0.22666666666666666,0.2976323120227147,0.7733333333333333,0.1,adaptive,,feasible_start_adaptive_spacing,feasible_start_adaptive_spacing,True,21,16,,,,True,,,,"4,13,16","6,13,16",True,,True,,12,"H[4,6,11,13,15,16,19,23]|V[3,6,7,13,16,18]",51e48cbb0b318e90e4cecb895faf9196760f014b
random_restart_bs_demo_layout_door_left_AW_2_seed_109,random_restart_bs,demo_layout_door_left_AW_2,109,3,auto_from_instance,10,15,3,28,150,37,3,7,150,43,37,11,root > V:7 > BH:13 > BH:21 > BH:12 > BV:15 > BV:3 > BV:3 > BH:16 > BV:11 > BV:12 > BV:16,evaluated,6,inf,False,254,211,43,63.0,1.0,1.0,True,True,1,1,0,True,3,1,0,0,True,True,0,6,6,6,6,37,SS_LS_PF,sampled_pool,,,True,0.24666666666666667,0.28316750577057764,0.7533333333333333,0.1,adaptive,,feasible_start_adaptive_spacing,feasible_start_adaptive_spacing,True,21,16,,,,True,,,,"12,20,25","3,7,16",True,,True,,12,"H[12,13,16,20,21,25]|V[3,7,11,12,15,16]",abee54c870fcd884d9b72aaf52039edb19539fa5
random_restart_bs_demo_layout_door_left_AW_2_seed_109,random_restart_bs,demo_layout_door_left_AW_2,109,3,auto_from_instance,10,15,3,28,150,37,3,7,150,44,37,11,root > V:7 > BH:13 > BH:21 > BH:12 > BV:15 > BV:3 > BV:3 > BH:16 > BV:11 > BV:11 > BV:16,evaluated,6,0.41647116324535677,False,254,211,43,63.0,1.0,1.0,True,True,1,1,0,True,3,1,0,0,True,True,0,6,5,6,5,37,SS_LS_PF,sampled_pool,,,True,0.24666666666666667,0.28316750577057764,0.7533333333333333,0.1,adaptive,,feasible_start_adaptive_spacing,feasible_start_adaptive_spacing,True,21,16,,,,True,,,,"12,20,25","3,7,16",True,,True,,12,"H[12,13,16,20,21,25]|V[3,7,11,15,16]",f90a81cd5cffd9e403c0a661a8caf2dfcdfe345a
random_restart_bs_demo_layout_door_left_AW_2_seed_109,random_restart_bs,demo_layout_door_left_AW_2,109,3,auto_from_instance,10,15,3,28,150,37,3,7,150,45,37,11,root > V:7 > BH:13 > BH:21 > BH:12 > BV:15 > BV:3 > BV:3 > BH:16 > BV:11 > BV:11 > BV:15,evaluated,7,inf,False,254,211,43,71.0,1.0,1.0,True,True,1,1,0,True,3,1,0,0,True,True,0,6,5,6,5,37,SS_LS_PF,sampled_pool,,,True,0.24666666666666667,0.28316750577057764,0.7533333333333333,0.1,adaptive,,feasible_start_adaptive_spacing,feasible_start_adaptive_spacing,True,21,16,,,,True,,,,"12,20,25","3,7,16",True,,True,,12,"H[12,13,16,20,21,25]|V[3,7,11,15,16]",d3b7aca9ab993cd13ff5393584d7780c950e5f2d
random_restart_bs_demo_layout_door_left_AW_2_seed_109,random_restart_bs,demo_layout_door_left_AW_2,109,3,auto_from_instance,10,15,3,28,150,38,3,8,150,46,38,12,root > H:14 > BV:14 > BV:12 > BV:7 > BV:7 > BV:3 > BV:3 > BH:22 > BH:18 > BH:8 > BH:3 > BV:18,evaluated,12,inf,False,262,192,70,95.0,1.0,1.0,True,True,1,1,0,True,3,1,0,0,True,True,0,6,7,6,7,38,SS_LS_PF,sampled_pool,,,True,0.25333333333333335,0.27986868742548415,0.7466666666666666,0.1,adaptive,,feasible_start_adaptive_spacing,feasible_start_adaptive_spacing,True,21,16,,,,True,,,,"3,14,19","1,14,15",True,,True,,12,"H[3,8,14,18,19,22]|V[1,3,7,12,14,15,18]",da93ca5c49943b5022775ab9027f2e4051e7f3dd
random_restart_bs_demo_layout_door_left_AW_2_seed_109,random_restart_bs,demo_layout_door_left_AW_2,109,3,auto_from_instance,10,15,3,28,150,38,3,8,150,47,38,12,root > H:14 > BV:14 > BV:12 > BV:7 > BV:7 > BV:3 > BV:3 > BH:22 > BH:18 > BH:9 > BH:3 > BV:18,evaluated,12,0.0,False,262,192,70,95.0,1.0,1.0,True,True,1,1,0,True,3,1,0,0,True,True,0,6,7,6,7,38,SS_LS_PF,sampled_pool,,,True,0.25333333333333335,0.27986868742548415,0.7466666666666666,0.1,adaptive,,feasible_start_adaptive_spacing,feasible_start_adaptive_spacing,True,21,16,,,,True,,,,"3,14,19","1,14,15",True,,True,,12,"H[3,9,14,18,19,22]|V[1,3,7,12,14,15,18]",1cdeacb3fede332d0999abf0cffff30fc88cfad0
random_restart_bs_demo_layout_door_left_AW_2_seed_109,random_restart_bs,demo_layout_door_left_AW_2,109,4,auto_from_instance,10,15,3,28,150,44,4,4,150,48,44,12,root > V:13 > BH:13 > BV:7 > BV:7 > BV:3 > BV:3 > BH:23 > BH:19 > BH:15 > BH:10 > BH:3 > BV:18,evaluated,6,inf,False,260,192,68,44.0,1.0,1.0,True,True,1,1,0,True,3,1,0,0,True,True,0,8,5,8,5,44,SS,sampled_pool,,,True,0.29333333333333333,0.40697122998080376,0.7066666666666667,0.1,adaptive,,feasible_start_adaptive_spacing,feasible_start_adaptive_spacing,True,21,16,,,,True,,,,"4,19,20","3,12,13",True,,True,,12,"H[3,4,10,13,15,19,20,23]|V[3,7,12,13,18]",cb72675f37f3d41c60684d4f9a816bc359f151ad
random_restart_bs_demo_layout_door_left_AW_2_seed_109,random_restart_bs,demo_layout_door_left_AW_2,109,4,auto_from_instance,10,15,3,28,150,44,4,4,150,49,44,12,root > V:13 > BH:13 > BV:7 > BV:7 > BV:3 > BV:3 > BH:23 > BH:19 > BH:15 > BH:11 > BH:4 > BV:18,evaluated,9,inf,False,260,192,68,54.0,1.0,1.0,True,True,1,1,0,True,3,1,0,0,True,True,0,7,5,7,5,44,SS,sampled_pool,,,True,0.29333333333333333,0.40697122998080376,0.7066666666666667,0.1,adaptive,,feasible_start_adaptive_spacing,feasible_start_adaptive_spacing,True,21,16,,,,True,,,,"4,19,20","3,12,13",True,,True,,12,"H[4,11,13,15,19,20,23]|V[3,7,12,13,18]",b774b9c9481df47bfb263bd77f05b2de4fc3b09c
random_restart_bs_demo_layout_door_left_AW_2_seed_109,random_restart_bs,demo_layout_door_left_AW_2,109,4,auto_from_instance,10,15,3,28,150,45,4,5,150,50,45,13,root > V:14 > BH:13 > BV:7 > BV:7 > BV:3 > BV:3 > BH:3 > BH:7 > BH:11 > BH:15 > BH:19 > BH:25 > BV:18,evaluated,14,inf,False,262,186,76,100.0,1.0,1.0,True,True,1,1,0,True,3,1,0,0,True,True,0,10,5,10,5,45,SS_PF_LS,sampled_pool,,,True,0.3,0.3908388667117803,0.7,0.1,adaptive,,feasible_start_adaptive_spacing,feasible_start_adaptive_spacing,True,21,16,,,,True,,,,"1,22,24","3,4,14",True,,True,,12,"H[1,3,7,11,13,15,19,22,24,25]|V[3,4,7,14,18]",430ddfa6536c86171c995d396561a1538752a615
random_restart_bs_demo_layout_door_left_AW_2_seed_109,random_restart_bs,demo_layout_door_left_AW_2,109,4,auto_from_instance,10,15,3,28,150,48,4,8,150,51,48,12,root > V:13 > BH:13 > BV:7 > BV:7 > BH:4 > BH:11 > BH:18 > BH:23 > BV:3 > BV:3 > BV:18 > BV:18,evaluated,11,inf,False,260,182,78,64.0,1.0,1.0,True,True,1,1,0,True,3,1,0,0,True,True,0,7,5,7,5,48,RP_LS,sampled_pool,,,False,0.32,0.3385066733610997,0.6799999999999999,0.1,adaptive,,feasible_start_adaptive_spacing,feasible_start_adaptive_spacing,True,21,16,,,,True,,,,"11,16,22","7,13,15",True,,True,,11,"H[4,11,13,16,18,22,23]|V[3,7,13,15,18]",57fd8590a61771e01e2c54ca649525ee9931aa30
random_restart_bs_demo_layout_door_left_AW_2_seed_109,random_restart_bs,demo_layout_door_left_AW_2,109,4,auto_from_instance,10,15,3,28,150,48,4,8,150,52,48,12,root > V:13 > BH:13 > BV:7 > BV:7 > BH:22 > BH:15 > BH:8 > BH:3 > BV:3 > BV:3 > BV:18 > BV:18,evaluated,11,inf,False,260,182,78,64.0,1.0,1.0,True,True,1,1,0,True,3,1,0,0,True,True,0,7,5,7,5,48,RP_LS,sampled_pool,,,False,0.32,0.3385066733610997,0.6799999999999999,0.1,adaptive,,feasible_start_adaptive_spacing,feasible_start_adaptive_spacing,True,21,16,,,,True,,,,"11,16,22","7,13,15",True,,True,,11,"H[3,8,11,13,15,16,22]|V[3,7,13,15,18]",80cfb0efa6f9ad16c96fad6ab54ea16f8ecefb75
random_restart_bs_demo_layout_door_left_AW_2_seed_109,random_restart_bs,demo_layout_door_left_AW_2,109,4,auto_from_instance,10,15,3,28,150,49,4,9,150,53,49,10,root > H:20 > BH:4 > BV:8 > BH:14 > BV:4 > BH:10 > BV:3 > BV:7 > BV:11 > BV:16,evaluated,17,inf,False,280,177,103,120.0,1.0,1.0,True,True,1,1,0,True,2,1,0,0,True,True,0,6,9,6,9,49,PF_SS,sampled_pool,,,True,0.32666666666666666,0.26037329356278216,0.6733333333333333,0.1,adaptive,,feasible_start_adaptive_spacing,feasible_start_adaptive_spacing,True,21,16,,,,True,,,,"16,19,20","1,15,17",True,,True,,11,"H[4,10,14,16,19,20]|V[1,3,4,7,8,11,15,16,17]",8081df2bf28fbb6676b94be2529bfa3ee1c91aaf
random_restart_bs_demo_layout_door_left_AW_2_seed_109,random_restart_bs,demo_layout_door_left_AW_2,109,4,auto_from_instance,10,15,3,28,150,49,4,9,150,54,49,10,root > H:20 > BH:4 > BV:8 > BH:14 > BV:4 > BH:10 > BV:3 > BV:7 > BV:11 > BV:15,evaluated,18,inf,False,280,177,103,130.0,1.0,1.0,True,True,1,1,0,True,2,1,0,0,True,True,0,6,8,6,8,49,PF_SS,sampled_pool,,,True,0.32666666666666666,0.26037329356278216,0.6733333333333333,0.1,adaptive,,feasible_start_adaptive_spacing,feasible_start_adaptive_spacing,True,21,16,,,,True,,,,"16,19,20","1,15,17",True,,True,,11,"H[4,10,14,16,19,20]|V[1,3,4,7,8,11,15,17]",f7f18dfd7aa2054ba5589113e0f5fca8c8c7a906
random_restart_bs_demo_layout_door_left_AW_2_seed_109,random_restart_bs,demo_layout_door_left_AW_2,109,4,auto_from_instance,10,15,3,28,150,49,4,9,150,55,49,10,root > H:20 > BH:4 > BV:8 > BH:12 > BV:4 > BH:16 > BV:3 > BV:7 > BV:11 > BV:16,evaluated,19,inf,False,280,177,103,140.0,1.0,1.0,True,True,1,1,0,True,2,1,0,0,True,True,0,5,9,5,9,49,PF_SS,sampled_pool,,,True,0.32666666666666666,0.26037329356278216,0.6733333333333333,0.1,adaptive,,feasible_start_adaptive_spacing,feasible_start_adaptive_spacing,True,21,16,,,,True,,,,"16,19,20","1,15,17",True,,True,,11,"H[4,12,16,19,20]|V[1,3,4,7,8,11,15,16,17]",4af6148198b51f06e9a1720a2179db8004e62bf6
random_restart_bs_demo_layout_door_left_AW_2_seed_109,random_restart_bs,demo_layout_door_left_AW_2,109,4,auto_from_instance,10,15,3,28,150,50,4,10,150,56,50,11,root > V:8 > BH:13 > BV:4 > BV:4 > BH:21 > BH:10 > BV:16 > BH:15 > BV:12 > BV:12 > BV:16,evaluated,10,inf,False,266,198,68,57.0,1.0,1.0,True,True,1,1,0,True,3,1,0,0,True,True,0,6,6,6,6,50,SS_LS_PF,sampled_pool,,,True,0.3333333333333333,0.4137677961004015,0.6666666666666667,0.1,adaptive,,feasible_start_adaptive_spacing,feasible_start_adaptive_spacing,True,21,16,,,,True,,,,"6,10,12","6,8,18",True,,True,,12,"H[6,10,12,13,15,21]|V[4,6,8,12,16,18]",eaddfb042db7586b5afec61216119ff634812ab4
random_restart_bs_demo_layout_door_left_AW_2_seed_109,random_restart_bs,demo_layout_door_left_AW_2,109,4,auto_from_instance,10,15,3,28,150,50,4,10,150,57,50,11,root > V:8 > BH:13 > BV:3 > BV:4 > BH:21 > BH:10 > BV:16 > BH:15 > BV:12 > BV:12 > BV:16,evaluated,10,0.0,False,266,198,68,57.0,1.0,1.0,True,True,1,1,0,True,3,1,0,0,True,True,0,6,7,6,7,50,SS_LS_PF,sampled_pool,,,True,0.3333333333333333,0.4137677961004015,0.6666666666666667,0.1,adaptive,,feasible_start_adaptive_spacing,feasible_start_adaptive_spacing,True,21,16,,,,True,,,,"6,10,12","6,8,18",True,,True,,12,"H[6,10,12,13,15,21]|V[3,4,6,8,12,16,18]",b084f77c59c68764f253aab496634d1dbe156f16
random_restart_bs_demo_layout_door_left_AW_2_seed_109,random_restart_bs,demo_layout_door_left_AW_2,109,4,auto_from_instance,10,15,3,28,150,50,4,10,150,58,50,11,root > V:8 > BH:13 > BV:4 > BV:4 > BH:5 > BH:16 > BV:16 > BH:11 > BV:12 > BV:12 > BV:16,evaluated,10,0.0,False,266,198,68,57.0,1.0,1.0,True,True,1,1,0,True,3,1,0,0,True,True,0,7,6,7,6,50,SS_LS_PF,sampled_pool,,,True,0.3333333333333333,0.4137677961004015,0.6666666666666667,0.1,adaptive,,feasible_start_adaptive_spacing,feasible_start_adaptive_spacing,True,21,16,,,,True,,,,"6,10,12","6,8,18",True,,True,,12,"H[5,6,10,11,12,13,16]|V[4,6,8,12,16,18]",c965c45244f5180899dc74692c204a0a81531409
random_restart_bs_demo_layout_door_left_AW_2_seed_109,random_restart_bs,demo_layout_door_left_AW_2,109,5,auto_from_instance,10,15,3,28,150,51,5,1,150,59,51,10,root > H:20 > BV:15 > BV:7 > BV:3 > BV:11 > BV:3 > BV:7 > BV:11 > BV:18 > BH:25,evaluated,8,inf,False,252,207,45,81.0,1.0,1.0,True,True,1,1,0,True,3,1,0,0,True,True,0,3,7,3,7,51,SS_PF_LS,sampled_pool,,,True,0.34,0.2843718857191106,0.6599999999999999,0.1,adaptive,,feasible_start_adaptive_spacing,feasible_start_adaptive_spacing,True,21,16,,,,True,,,,"2,20,25","1,14,15",True,,True,,9,"H[2,20,25]|V[1,3,7,11,14,15,18]",4eebfa5cfdeadaf57c744031f6ed7223b36f6cb4
random_restart_bs_demo_layout_door_left_AW_2_seed_109,random_restart_bs,demo_layout_door_left_AW_2,109,5,auto_from_instance,10,15,3,28,150,53,5,3,150,60,53,11,root > V:11 > BH:13 > BV:5 > BV:7 > BV:3 > BH:3 > BH:7 > BH:11 > BH:20 > BH:16 > BV:16,evaluated,6,0.8056695992179863,False,268,194,74,48.0,1.0,1.0,True,True,1,1,0,True,3,1,0,0,True,True,0,8,6,8,6,53,SS_PF_LS,sampled_pool,,,True,0.35333333333333333,0.29892525892796507,0.6466666666666667,0.1,adaptive,,feasible_start_adaptive_spacing,feasible_start_adaptive_spacing,True,21,16,,,,True,,,,"4,10,20","1,3,11",True,,True,,12,"H[3,4,7,10,11,13,16,20]|V[1,3,5,7,11,16]",503a04dbc1b49d1146df0a68561d72c32917199a
random_restart_bs_demo_layout_door_left_AW_2_seed_109,random_restart_bs,demo_layout_door_left_AW_2,109,5,auto_from_instance,10,15,3,28,150,53,5,3,150,61,53,11,root > V:11 > BH:13 > BV:5 > BV:7 > BV:3 > BH:23 > BH:19 > BH:15 > BH:6 > BH:11 > BV:16,evaluated,6,0.0,False,268,194,74,48.0,1.0,1.0,True,True,1,1,0,True,3,1,0,0,True,True,0,9,6,9,6,53,SS_PF_LS,sampled_pool,,,True,0.35333333333333333,0.29892525892796507,0.6466666666666667,0.1,adaptive,,feasible_start_adaptive_spacing,feasible_start_adaptive_spacing,True,21,16,,,,True,,,,"4,10,20","1,3,11",True,,True,,12,"H[4,6,10,11,13,15,19,20,23]|V[1,3,5,7,11,16]",ff49ed575c384522ec02e59380c73b08e4e72047
random_restart_bs_demo_layout_door_left_AW_2_seed_109,random_restart_bs,demo_layout_door_left_AW_2,109,5,auto_from_instance,10,15,3,28,150,53,5,3,150,62,53,11,root > V:11 > BH:13 > BV:5 > BV:7 > BV:3 > BH:23 > BH:19 > BH:15 > BH:6 > BH:10 > BV:16,evaluated,6,inf,False,268,194,74,48.0,1.0,1.0,True,True,1,1,0,True,3,1,0,0,True,True,0,8,6,8,6,53,SS_PF_LS,sampled_pool,,,True,0.35333333333333333,0.29892525892796507,0.6466666666666667,0.1,adaptive,,feasible_start_adaptive_spacing,feasible_start_adaptive_spacing,True,21,16,,,,True,,,,"4,10,20","1,3,11",True,,True,,12,"H[4,6,10,13,15,19,20,23]|V[1,3,5,7,11,16]",11b8ce94109e777fa1b58467ebbdac43db26ddae
random_restart_bs_demo_layout_door_left_AW_2_seed_109,random_restart_bs,demo_layout_door_left_AW_2,109,5,auto_from_instance,10,15,3,28,150,54,5,4,150,63,54,10,root > V:7 > BH:13 > BV:3 > BV:3 > BH:23 > BH:19 > BH:13 > BH:5 > BV:11 > BV:16,evaluated,13,0.7736263736263737,False,276,190,86,74.0,1.0,1.0,True,True,1,1,0,True,3,1,0,0,True,True,0,7,5,7,5,54,PF_SS_RP,sampled_pool,,,True,0.36,0.2516307763983047,0.64,0.1,adaptive,,feasible_start_adaptive_spacing,feasible_start_adaptive_spacing,True,21,16,,,,True,,,,"1,20,21","7,11,18",True,,True,,11,"H[1,5,13,19,20,21,23]|V[3,7,11,16,18]",02f56729deed5892491d6474569e154788ccb55f
random_restart_bs_demo_layout_door_left_AW_2_seed_109,random_restart_bs,demo_layout_door_left_AW_2,109,5,auto_from_instance,10,15,3,28,150,54,5,4,150,64,54,10,root > V:7 > BH:13 > BV:3 > BV:3 > BH:23 > BH:19 > BH:13 > BH:5 > BV:11 > BV:15,evaluated,14,inf,False,276,190,86,82.0,1.0,1.0,True,True,1,1,0,True,3,1,0,0,True,True,0,7,5,7,5,54,PF_SS_RP,sampled_pool,,,True,0.36,0.2516307763983047,0.64,0.1,adaptive,,feasible_start_adaptive_spacing,feasible_start_adaptive_spacing,True,21,16,,,,True,,,,"1,20,21","7,11,18",True,,True,,11,"H[1,5,13,19,20,21,23]|V[3,7,11,15,18]",52323d9781456645898247466d01a05a4980b1d4
random_restart_bs_demo_layout_door_left_AW_2_seed_109,random_restart_bs,demo_layout_door_left_AW_2,109,5,auto_from_instance,10,15,3,28,150,54,5,4,150,65,54,10,root > V:7 > BH:13 > BV:3 > BV:3 > BH:23 > BH:19 > BH:13 > BH:5 > BV:11 > BV:18,evaluated,16,inf,False,276,183,93,111.0,1.0,1.0,True,True,1,1,0,True,3,1,0,0,True,True,0,7,4,7,4,54,PF_SS_RP,sampled_pool,,,True,0.36,0.2516307763983047,0.64,0.1,adaptive,,feasible_start_adaptive_spacing,feasible_start_adaptive_spacing,True,21,16,,,,True,,,,"1,20,21","7,11,18",True,,True,,10,"H[1,5,13,19,20,21,23]|V[3,7,11,18]",8d085a722efad75d5767f760afcfa2529c0798fa
random_restart_bs_demo_layout_door_left_AW_2_seed_109,random_restart_bs,demo_layout_door_left_AW_2,109,5,auto_from_instance,10,15,3,28,150,55,5,5,150,66,55,12,root > V:12 > BH:13 > BV:7 > BV:3 > BV:7 > BV:3 > BH:23 > BH:19 > BH:15 > BH:11 > BH:7 > BV:16,evaluated,3,1.2794871794871794,False,250,214,36,36.0,1.0,1.0,True,True,1,1,0,True,3,1,0,0,True,True,0,9,5,9,5,55,LS_PF,sampled_pool,,,False,0.36666666666666664,0.3736184579197865,0.6333333333333333,0.1,adaptive,,feasible_start_adaptive_spacing,feasible_start_adaptive_spacing,True,21,16,,,,True,,,,"4,16,24","2,12,16",True,,True,,13,"H[4,7,11,13,15,16,19,23,24]|V[2,3,7,12,16]",0fdb9192f0d4acf2b6dd22b4a8e053ab5a7ed4a9
random_restart_bs_demo_layout_door_left_AW_2_seed_109,random_restart_bs,demo_layout_door_left_AW_2,109,5,auto_from_instance,10,15,3,28,150,55,5,5,150,67,55,12,root > V:12 > BH:13 > BV:7 > BV:3 > BV:7 > BV:3 > BH:23 > BH:19 > BH:15 > BH:11 > BH:6 > BV:16,evaluated,4,0.9816730523627075,False,252,211,41,41.0,1.0,1.0,True,True,1,1,0,True,3,1,0,0,True,True,0,9,5,9,5,55,LS_PF,sampled_pool,,,False,0.36666666666666664,0.3736184579197865,0.6333333333333333,0.1,adaptive,,feasible_start_adaptive_spacing,feasible_start_adaptive_spacing,True,21,16,,,,True,,,,"4,16,24","2,12,16",True,,True,,13,"H[4,6,11,13,15,16,19,23,24]|V[2,3,7,12,16]",1e51df56ad9655663d1175b2036f4a44cf7e7571
random_restart_bs_demo_layout_door_left_AW_2_seed_109,random_restart_bs,demo_layout_door_left_AW_2,109,6,auto_from_instance,10,15,3,28,150,67,6,7,150,68,67,8,root > V:4 > BH:13 > BH:23 > BH:19 > BH:3 > BH:11 > BH:15 > BH:7,evaluated,6,0.5637341153470186,False,266,212,54,52.0,1.0,1.0,True,True,1,1,0,True,3,1,0,0,True,True,0,9,3,9,3,67,PF_LS_RP,sampled_pool,,,False,0.44666666666666666,0.40223066148296405,0.5533333333333333,0.1,adaptive,,feasible_start_adaptive_spacing,feasible_start_adaptive_spacing,True,21,16,,,,True,,,,"12,13,16","1,4,5",True,,True,,9,"H[3,7,11,12,13,15,16,19,23]|V[1,4,5]",dfa1ca2652ca4695aff0f5e5d5de500a3db60a66
random_restart_bs_demo_layout_door_left_AW_2_seed_109,random_restart_bs,demo_layout_door_left_AW_2,109,6,auto_from_instance,10,15,3,28,150,70,6,10,150,69,70,12,root > V:12 > BH:13 > BV:7 > BV:7 > BH:22 > BH:14 > BH:6 > BV:18 > BV:3 > BV:3 > BH:18 > BH:10,evaluated,6,1.0455034213098728,False,252,206,46,53.0,1.0,1.0,True,True,1,1,0,True,3,1,0,0,True,True,0,8,6,8,6,70,RP,sampled_pool,,,False,0.4666666666666667,0.44960895462862455,0.5333333333333333,0.1,adaptive,,feasible_start_adaptive_spacing,feasible_start_adaptive_spacing,True,21,16,,,,True,,,,"7,10,19","12,14,16",True,,True,,12,"H[6,7,10,13,14,18,19,22]|V[3,7,12,14,16,18]",f5c2b475e28cd126ea8ff99f9b6aa52888a523c1
random_restart_bs_demo_layout_door_left_AW_2_seed_109,random_restart_bs,demo_layout_door_left_AW_2,109,6,auto_from_instance,10,15,3,28,150,70,6,10,150,70,70,12,root > V:12 > BH:13 > BV:7 > BV:7 > BH:22 > BH:14 > BH:6 > BV:18 > BV:3 > BV:3 > BH:10 > BV:18,evaluated,9,2.330118157704365,False,252,194,58,59.0,1.0,1.0,True,True,1,1,0,True,3,1,0,0,True,True,0,7,6,7,6,70,RP,sampled_pool,,,False,0.4666666666666667,0.44960895462862455,0.5333333333333333,0.1,adaptive,,feasible_start_adaptive_spacing,feasible_start_adaptive_spacing,True,21,16,,,,True,,,,"7,10,19","12,14,16",True,,True,,11,"H[6,7,10,13,14,19,22]|V[3,7,12,14,16,18]",41819e8e83e58f518b77ee207d2d7e8a4cb634e4
random_restart_bs_demo_layout_door_left_AW_2_seed_109,random_restart_bs,demo_layout_door_left_AW_2,109,6,auto_from_instance,10,15,3,28,150,70,6,10,150,71,70,12,root > V:12 > BH:13 > BV:7 > BV:7 > BH:22 > BH:14 > BH:6 > BV:18 > BV:3 > BV:3 > BH:10 > BV:16,evaluated,8,1.5182806324110671,False,252,200,52,59.0,1.0,1.0,True,True,1,1,0,True,3,1,0,0,True,True,0,7,6,7,6,70,RP,sampled_pool,,,False,0.4666666666666667,0.44960895462862455,0.5333333333333333,0.1,adaptive,,feasible_start_adaptive_spacing,feasible_start_adaptive_spacing,True,21,16,,,,True,,,,"7,10,19","12,14,16",True,,True,,12,"H[6,7,10,13,14,19,22]|V[3,7,12,14,16,18]",a4408e6f780e253c90c81ec7c7032f7c7f99311b
random_restart_bs_demo_layout_door_left_AW_2_seed_109,random_restart_bs,demo_layout_door_left_AW_2,109,7,auto_from_instance,10,15,3,28,150,73,7,3,150,72,73,12,root > V:6 > BH:13 > BH:7 > BH:21 > BH:15 > BV:12 > BH:3 > BV:12 > BV:18 > BH:11 > BH:25 > BH:25,evaluated,18,inf,False,278,163,115,120.0,1.0,1.0,True,True,1,1,0,True,3,1,0,0,True,True,0,9,5,9,5,73,RP,sampled_pool,,,False,0.4866666666666667,0.47357137387514786,0.5133333333333333,0.1,adaptive,,feasible_start_adaptive_spacing,feasible_start_adaptive_spacing,True,21,16,,,,True,,,,"1,21,24","2,3,6",True,,True,,10,"H[1,3,7,11,13,15,21,24,25]|V[2,3,6,12,18]",395adf2249863e3c967bbd8ceff91ced2db457d6
random_restart_bs_demo_layout_door_left_AW_2_seed_109,random_restart_bs,demo_layout_door_left_AW_2,109,7,auto_from_instance,10,15,3,28,150,77,7,7,150,73,77,6,root > H:4 > BH:22 > BV:8 > BH:12 > BV:4 > BH:16,evaluated,20,inf,False,312,159,153,218.0,1.0,1.0,True,True,1,1,0,True,2,1,0,0,True,True,0,6,5,6,5,77,SS_PF_LS,sampled_pool,,,True,0.5133333333333333,0.6344101712182992,0.4866666666666667,0.1,adaptive,,feasible_start_adaptive_spacing,feasible_start_adaptive_spacing,True,21,16,,,,True,,,,"2,4,24","1,15,18",True,,True,,7,"H[2,4,12,16,22,24]|V[1,4,8,15,18]",c0309787857dc858d63a625fddb13204b451e406
random_restart_bs_demo_layout_door_left_AW_2_seed_109,random_restart_bs,demo_layout_door_left_AW_2,109,7,auto_from_instance,10,15,3,28,150,77,7,7,150,74,77,6,root > H:4 > BH:22 > BV:8 > BH:14 > BV:4 > BH:10,evaluated,20,0.0,False,312,159,153,218.0,1.0,1.0,True,True,1,1,0,True,2,1,0,0,True,True,0,6,5,6,5,77,SS_PF_LS,sampled_pool,,,True,0.5133333333333333,0.6344101712182992,0.4866666666666667,0.1,adaptive,,feasible_start_adaptive_spacing,feasible_start_adaptive_spacing,True,21,16,,,,True,,,,"2,4,24","1,15,18",True,,True,,7,"H[2,4,10,14,22,24]|V[1,4,8,15,18]",2bbff4a258de3b3a56967e035eae9ace7b2d6af1
random_restart_bs_demo_layout_door_left_AW_2_seed_109,random_restart_bs,demo_layout_door_left_AW_2,109,7,auto_from_instance,10,15,3,28,150,77,7,7,150,75,77,6,root > H:4 > BH:22 > BV:8 > BH:14 > BV:3 > BH:10,evaluated,20,inf,False,312,159,153,218.0,1.0,1.0,True,True,1,1,0,True,2,1,0,0,True,True,0,6,5,6,5,77,SS_PF_LS,sampled_pool,,,True,0.5133333333333333,0.6344101712182992,0.4866666666666667,0.1,adaptive,,feasible_start_adaptive_spacing,feasible_start_adaptive_spacing,True,21,16,,,,True,,,,"2,4,24","1,15,18",True,,True,,7,"H[2,4,10,14,22,24]|V[1,3,8,15,18]",9fe392f38722529c7e18dfe254aef7c377fed8b9
random_restart_bs_demo_layout_door_left_AW_2_seed_109,random_restart_bs,demo_layout_door_left_AW_2,109,7,auto_from_instance,10,15,3,28,150,80,7,10,150,76,80,12,root > H:14 > BV:14 > BV:12 > BV:7 > BV:7 > BH:22 > BV:3 > BV:3 > BH:18 > BH:10 > BH:4 > BV:18,evaluated,13,inf,False,262,192,70,103.0,1.0,1.0,True,True,1,1,0,True,3,1,0,0,True,True,0,7,6,7,6,80,SS_PF_LS,sampled_pool,,,True,0.5333333333333333,0.4994908160529111,0.4666666666666667,0.1,adaptive,,feasible_start_adaptive_spacing,feasible_start_adaptive_spacing,True,21,16,,,,True,,,,"2,5,14","3,5,18",True,,True,,12,"H[2,4,5,10,14,18,22]|V[3,5,7,12,14,18]",fc5512bc6509075a8ef17f9cdea65da528db9856
random_restart_bs_demo_layout_door_left_AW_2_seed_109,random_restart_bs,demo_layout_door_left_AW_2,109,8,auto_from_instance,10,15,3,28,150,82,8,2,150,77,82,9,root > H:10 > BV:15 > BV:7 > BV:16 > BV:7 > BV:12 > BV:3 > BV:11 > BV:3,evaluated,5,inf,False,262,213,49,78.0,1.0,1.0,True,True,1,1,0,True,3,1,0,0,True,True,0,3,7,3,7,82,RP_LS,sampled_pool,,,False,0.5466666666666666,0.5351386156412239,0.45333333333333337,0.1,adaptive,,feasible_start_adaptive_spacing,feasible_start_adaptive_spacing,True,21,16,,,,True,,,,"1,3,10","2,15,16",True,,True,,10,"H[1,3,10]|V[2,3,7,11,12,15,16]",af9fb771f8ef0fcd0f77fe55efb46bb7ab97fc36
random_restart_bs_demo_layout_door_left_AW_2_seed_109,random_restart_bs,demo_layout_door_left_AW_2,109,8,auto_from_instance,10,15,3,28,150,82,8,2,150,78,82,9,root > H:10 > BV:15 > BV:7 > BV:15 > BV:7 > BV:3 > BV:11 > BV:3 > BV:11,evaluated,8,inf,False,262,212,50,96.0,1.0,1.0,True,True,1,1,0,True,3,1,0,0,True,True,0,3,6,3,6,82,RP_LS,sampled_pool,,,False,0.5466666666666666,0.5351386156412239,0.45333333333333337,0.1,adaptive,,feasible_start_adaptive_spacing,feasible_start_adaptive_spacing,True,21,16,,,,True,,,,"1,3,10","2,15,16",True,,True,,10,"H[1,3,10]|V[2,3,7,11,15,16]",c1af55306da2a9a3ddf4634f22d4a61d6493ee93
random_restart_bs_demo_layout_door_left_AW_2_seed_109,random_restart_bs,demo_layout_door_left_AW_2,109,8,auto_from_instance,10,15,3,28,150,84,8,4,150,79,84,10,root > H:14 > BV:13 > BV:11 > BH:23 > BV:7 > BV:5 > BH:19 > BV:3 > BH:8 > BH:3,evaluated,13,inf,False,284,179,105,64.0,1.0,1.0,True,True,1,1,0,True,3,1,0,0,True,True,0,7,8,7,8,84,SS_PF_LS,sampled_pool,,,True,0.56,0.5568858302287296,0.43999999999999995,0.1,adaptive,,feasible_start_adaptive_spacing,feasible_start_adaptive_spacing,True,21,16,,,,True,,,,"12,14,25","2,6,14",True,,True,,11,"H[3,8,12,14,19,23,25]|V[2,3,5,6,7,11,13,14]",62438e7ae11d8a6c1671ab99b18e61377368d5a1
random_restart_bs_demo_layout_door_left_AW_2_seed_109,random_restart_bs,demo_layout_door_left_AW_2,109,8,auto_from_instance,10,15,3,28,150,84,8,4,150,80,84,10,root > H:14 > BV:13 > BV:11 > BH:23 > BV:7 > BV:5 > BH:18 > BV:3 > BH:8 > BH:3,evaluated,13,inf,False,284,179,105,64.0,1.0,1.0,True,True,1,1,0,True,3,1,0,0,True,True,0,7,8,7,8,84,SS_PF_LS,sampled_pool,,,True,0.56,0.5568858302287296,0.43999999999999995,0.1,adaptive,,feasible_start_adaptive_spacing,feasible_start_adaptive_spacing,True,21,16,,,,True,,,,"12,14,25","2,6,14",True,,True,,11,"H[3,8,12,14,18,23,25]|V[2,3,5,6,7,11,13,14]",74e8f407c3beacd774b14b63dc247505ed4b1ea1
random_restart_bs_demo_layout_door_left_AW_2_seed_109,random_restart_bs,demo_layout_door_left_AW_2,109,8,auto_from_instance,10,15,3,28,150,84,8,4,150,81,84,10,root > H:14 > BV:13 > BV:11 > BH:23 > BV:7 > BV:5 > BH:19 > BV:3 > BH:10 > BH:4,evaluated,14,inf,False,284,179,105,74.0,1.0,1.0,True,True,1,1,0,True,3,1,0,0,True,True,0,7,8,7,8,84,SS_PF_LS,sampled_pool,,,True,0.56,0.5568858302287296,0.43999999999999995,0.1,adaptive,,feasible_start_adaptive_spacing,feasible_start_adaptive_spacing,True,21,16,,,,True,,,,"12,14,25","2,6,14",True,,True,,11,"H[4,10,12,14,19,23,25]|V[2,3,5,6,7,11,13,14]",e0acd2b7dd9e4a8a5e042c3854825f427202ef48
random_restart_bs_demo_layout_door_left_AW_2_seed_109,random_restart_bs,demo_layout_door_left_AW_2,109,8,auto_from_instance,10,15,3,28,150,89,8,9,150,82,89,10,root > V:7 > BH:13 > BV:3 > BV:3 > BH:23 > BH:19 > BH:15 > BH:3 > BH:11 > BH:7,selected,0,inf,True,248,224,24,22.0,1.0,1.0,True,True,1,1,0,True,3,1,0,0,True,True,0,10,4,10,4,89,PF_SS,sampled_pool,,,True,0.5933333333333334,0.5552948383417889,0.4066666666666666,0.1,adaptive,,feasible_start_adaptive_spacing,feasible_start_adaptive_spacing,True,21,16,,,,True,,,,"6,10,16","7,8,17",True,,True,,11,"H[3,6,7,10,11,13,15,16,19,23]|V[3,7,8,17]",a397126b79bf1eeaea415f8469233209dd4ca5ce
random_restart_bs_demo_layout_door_left_AW_2_seed_109,random_restart_bs,demo_layout_door_left_AW_2,109,9,auto_from_instance,10,15,3,28,150,93,9,3,150,83,93,8,root > V:3 > BH:13 > BH:23 > BH:19 > BH:15 > BV:16 > BV:12 > BV:7,evaluated,2,inf,False,262,218,44,43.0,1.0,1.0,True,True,1,1,0,True,3,1,0,0,True,True,0,6,6,6,6,93,LS,sampled_pool,,,False,0.62,0.5446006913505393,0.38,0.1,adaptive,,feasible_start_adaptive_spacing,feasible_start_adaptive_spacing,True,21,16,,,,True,,,,"3,20,23","3,6,17",True,,True,,9,"H[3,13,15,19,20,23]|V[3,6,7,12,16,17]",b8606d281588c0b46d5cdf663b2e9ff9681b67aa
random_restart_bs_demo_layout_door_left_AW_2_seed_109,random_restart_bs,demo_layout_door_left_AW_2,109,9,auto_from_instance,10,15,3,28,150,93,9,3,150,84,93,8,root > V:3 > BH:13 > BH:23 > BH:19 > BH:15 > BV:16 > BV:12 > BV:8,evaluated,4,inf,False,262,217,45,43.0,1.0,1.0,True,True,1,1,0,True,3,1,0,0,True,True,0,6,6,6,6,93,LS,sampled_pool,,,False,0.62,0.5446006913505393,0.38,0.1,adaptive,,feasible_start_adaptive_spacing,feasible_start_adaptive_spacing,True,21,16,,,,True,,,,"3,20,23","3,6,17",True,,True,,9,"H[3,13,15,19,20,23]|V[3,6,8,12,16,17]",f1f6718cc4ad47d2ba13453ab6c380b40b13e08c
random_restart_bs_demo_layout_door_left_AW_2_seed_109,random_restart_bs,demo_layout_door_left_AW_2,109,9,auto_from_instance,10,15,3,28,150,93,9,3,150,85,93,8,root > V:3 > BH:13 > BH:23 > BH:19 > BH:15 > BV:16 > BV:7 > BV:11,evaluated,4,1.0459770114942528,False,262,217,45,43.0,1.0,1.0,True,True,1,1,0,True,3,1,0,0,True,True,0,6,6,6,6,93,LS,sampled_pool,,,False,0.62,0.5446006913505393,0.38,0.1,adaptive,,feasible_start_adaptive_spacing,feasible_start_adaptive_spacing,True,21,16,,,,True,,,,"3,20,23","3,6,17",True,,True,,9,"H[3,13,15,19,20,23]|V[3,6,7,11,16,17]",228a42401032a2cc5e97f52d8f3d86e828e40726
random_restart_bs_demo_layout_door_left_AW_2_seed_109,random_restart_bs,demo_layout_door_left_AW_2,109,9,auto_from_instance,10,15,3,28,150,95,9,5,150,86,95,11,root > H:13 > BV:13 > BV:13 > BV:7 > BV:7 > BH:19 > BH:23 > BH:7 > BH:3 > BV:3 > BV:3,evaluated,7,inf,False,270,192,78,44.0,1.0,1.0,True,True,1,1,0,True,3,1,0,0,True,True,0,7,6,7,6,95,SS_LS_PF,sampled_pool,,,True,0.6333333333333333,0.5739443379466843,0.3666666666666667,0.1,adaptive,,feasible_start_adaptive_spacing,feasible_start_adaptive_spacing,True,21,16,,,,True,,,,"11,13,21","1,14,15",True,,True,,12,"H[3,7,11,13,19,21,23]|V[1,3,7,13,14,15]",7dac129f5cdfb4dd55e0d17cad6dc04f91d8cd12
random_restart_bs_demo_layout_door_left_AW_2_seed_109,random_restart_bs,demo_layout_door_left_AW_2,109,9,auto_from_instance,10,15,3,28,150,98,9,8,150,87,98,11,root > V:8 > BH:13 > BH:21 > BH:10 > BV:16 > BH:15 > BV:4 > BV:3 > BV:12 > BV:12 > BV:16,evaluated,10,inf,False,266,198,68,57.0,1.0,1.0,True,True,1,1,0,True,3,1,0,0,True,True,0,6,7,6,7,98,SS,sampled_pool,,,True,0.6533333333333333,0.6938885304294573,0.3466666666666667,0.1,adaptive,,feasible_start_adaptive_spacing,feasible_start_adaptive_spacing,True,21,16,,,,True,,,,"3,10,23","8,15,18",True,,True,,12,"H[3,10,13,15,21,23]|V[3,4,8,12,15,16,18]",195811d14cb6eb567172457b4746bfdd86c164c5
random_restart_bs_demo_layout_door_left_AW_2_seed_109,random_restart_bs,demo_layout_door_left_AW_2,109,9,auto_from_instance,10,15,3,28,150,100,9,10,150,88,100,11,root > V:7 > BH:13 > BH:19 > BH:7 > BV:15 > BV:15 > BH:13 > BV:3 > BV:3 > BV:11 > BV:11,evaluated,11,inf,False,266,196,70,70.0,1.0,1.0,True,True,1,1,0,True,3,1,0,0,True,True,0,6,6,6,6,100,SS_LS_PF,sampled_pool,,,True,0.6666666666666666,0.6785151717528359,0.33333333333333337,0.1,adaptive,,feasible_start_adaptive_spacing,feasible_start_adaptive_spacing,True,21,16,,,,True,,,,"1,4,20","2,4,7",True,,True,,12,"H[1,4,7,13,19,20]|V[2,3,4,7,11,15]",85469984681735f0e8d0a1854fbc5989891c8ab2
random_restart_bs_demo_layout_door_left_AW_2_seed_109,random_restart_bs,demo_layout_door_left_AW_2,109,9,auto_from_instance,10,15,3,28,150,100,9,10,150,89,100,11,root > V:7 > BH:13 > BH:19 > BH:7 > BV:15 > BV:15 > BH:13 > BV:3 > BV:3 > BV:11 > BH:3,evaluated,13,0.2227106227106227,False,266,190,76,76.0,1.0,1.0,True,True,1,1,0,True,3,1,0,0,True,True,0,7,6,7,6,100,SS_LS_PF,sampled_pool,,,True,0.6666666666666666,0.6785151717528359,0.33333333333333337,0.1,adaptive,,feasible_start_adaptive_spacing,feasible_start_adaptive_spacing,True,21,16,,,,True,,,,"1,4,20","2,4,7",True,,True,,12,"H[1,3,4,7,13,19,20]|V[2,3,4,7,11,15]",95e7285cfbb9d55cdca2d1d9d410c99ea9a1e816
random_restart_bs_demo_layout_door_left_AW_2_seed_109,random_restart_bs,demo_layout_door_left_AW_2,109,9,auto_from_instance,10,15,3,28,150,100,9,10,150,90,100,11,root > V:7 > BH:13 > BH:19 > BH:7 > BV:15 > BV:15 > BH:13 > BV:3 > BV:3 > BV:11 > BH:23,evaluated,13,1.8241758241758241,False,266,190,76,76.0,1.0,1.0,True,True,1,1,0,True,3,1,0,0,True,True,0,7,6,7,6,100,SS_LS_PF,sampled_pool,,,True,0.6666666666666666,0.6785151717528359,0.33333333333333337,0.1,adaptive,,feasible_start_adaptive_spacing,feasible_start_adaptive_spacing,True,21,16,,,,True,,,,"1,4,20","2,4,7",True,,True,,12,"H[1,4,7,13,19,20,23]|V[2,3,4,7,11,15]",a460d0e26bef9107340e2d3b4b86c0e3173cd6ed
random_restart_bs_demo_layout_door_left_AW_2_seed_109,random_restart_bs,demo_layout_door_left_AW_2,109,10,auto_from_instance,10,15,3,28,150,101,10,1,150,91,101,10,root > V:11 > BH:13 > BH:21 > BH:13 > BH:4 > BV:5 > BV:5 > BH:9 > BV:16 > BH:17,evaluated,15,inf,False,294,167,127,91.0,1.0,1.0,True,True,1,1,0,True,3,1,0,0,True,True,0,7,5,7,5,101,RP,sampled_pool,,,False,0.6733333333333333,0.7034452682025514,0.32666666666666666,0.1,adaptive,,feasible_start_adaptive_spacing,feasible_start_adaptive_spacing,True,21,16,,,,True,,,,"12,13,22","6,11,17",True,,True,,11,"H[4,9,12,13,17,21,22]|V[5,6,11,16,17]",53e907e296b4a6435bb0a13d25b5428dd6c1091c
random_restart_bs_demo_layout_door_left_AW_2_seed_109,random_restart_bs,demo_layout_door_left_AW_2,109,10,auto_from_instance,10,15,3,28,150,101,10,1,150,92,101,10,root > V:11 > BH:13 > BH:21 > BH:12 > BH:4 > BV:5 > BV:5 > BH:17 > BV:16 > BH:8,evaluated,15,0.0,False,294,167,127,91.0,1.0,1.0,True,True,1,1,0,True,3,1,0,0,True,True,0,7,5,7,5,101,RP,sampled_pool,,,False,0.6733333333333333,0.7034452682025514,0.32666666666666666,0.1,adaptive,,feasible_start_adaptive_spacing,feasible_start_adaptive_spacing,True,21,16,,,,True,,,,"12,13,22","6,11,17",True,,True,,11,"H[4,8,12,13,17,21,22]|V[5,6,11,16,17]",ab767ca204049e346f27e33687b12fdd813d0da4
random_restart_bs_demo_layout_door_left_AW_2_seed_109,random_restart_bs,demo_layout_door_left_AW_2,109,10,auto_from_instance,10,15,3,28,150,101,10,1,150,93,101,10,root > V:11 > BH:13 > BH:21 > BH:12 > BH:4 > BV:5 > BV:5 > BH:16 > BV:16 > BH:8,evaluated,15,0.0,False,294,167,127,91.0,1.0,1.0,True,True,1,1,0,True,3,1,0,0,True,True,0,7,5,7,5,101,RP,sampled_pool,,,False,0.6733333333333333,0.7034452682025514,0.32666666666666666,0.1,adaptive,,feasible_start_adaptive_spacing,feasible_start_adaptive_spacing,True,21,16,,,,True,,,,"12,13,22","6,11,17",True,,True,,11,"H[4,8,12,13,16,21,22]|V[5,6,11,16,17]",bcebc9844c2da699dc65904066b6259890ca5930
random_restart_bs_demo_layout_door_left_AW_2_seed_109,random_restart_bs,demo_layout_door_left_AW_2,109,10,auto_from_instance,10,15,3,28,150,102,10,2,150,94,102,11,root > H:12 > BV:13 > BV:11 > BH:4 > BV:7 > BV:5 > BH:19 > BH:23 > BH:8 > BV:3 > BV:18,evaluated,13,inf,False,274,179,95,73.0,1.0,1.0,True,True,1,1,0,True,3,1,0,0,True,True,0,6,8,6,8,102,SS_LS_PF,sampled_pool,,,True,0.68,0.6946231773587025,0.31999999999999995,0.1,adaptive,,feasible_start_adaptive_spacing,feasible_start_adaptive_spacing,True,21,16,,,,True,,,,"12,22,23","1,2,7",True,,True,,11,"H[4,8,12,19,22,23]|V[1,2,3,5,7,11,13,18]",7aabfb442085fd854d922a683327eb6fe00a1bf4
random_restart_bs_demo_layout_door_left_AW_2_seed_109,random_restart_bs,demo_layout_door_left_AW_2,109,10,auto_from_instance,10,15,3,28,150,106,10,6,150,95,106,11,root > V:13 > BH:13 > BV:7 > BV:7 > BH:23 > BH:17 > BH:11 > BH:4 > BV:3 > BV:3 > BV:18,evaluated,12,inf,False,270,182,88,64.0,1.0,1.0,True,True,1,1,0,True,3,1,0,0,True,True,0,8,6,8,6,106,SS,sampled_pool,,,True,0.7066666666666667,0.7810338776527023,0.29333333333333333,0.1,adaptive,,feasible_start_adaptive_spacing,feasible_start_adaptive_spacing,True,21,16,,,,True,,,,"3,6,12","6,11,13",True,,True,,11,"H[3,4,6,11,12,13,17,23]|V[3,6,7,11,13,18]",95f94f0507af18c683a9ab3a89e8104658d8a210
random_restart_bs_demo_layout_door_left_AW_2_seed_109,random_restart_bs,demo_layout_door_left_AW_2,109,10,auto_from_instance,10,15,3,28,150,106,10,6,150,96,106,11,root > V:13 > BH:13 > BV:7 > BV:7 > BH:3 > BH:9 > BH:15 > BH:22 > BV:3 > BV:3 > BV:18,evaluated,12,inf,False,270,182,88,64.0,1.0,1.0,True,True,1,1,0,True,3,1,0,0,True,True,0,7,6,7,6,106,SS,sampled_pool,,,True,0.7066666666666667,0.7810338776527023,0.29333333333333333,0.1,adaptive,,feasible_start_adaptive_spacing,feasible_start_adaptive_spacing,True,21,16,,,,True,,,,"3,6,12","6,11,13",True,,True,,11,"H[3,6,9,12,13,15,22]|V[3,6,7,11,13,18]",2a9937ba2b21b09cc1a168b5d851698529e99f0f
random_restart_bs_demo_layout_door_left_AW_2_seed_109,random_restart_bs,demo_layout_door_left_AW_2,109,11,auto_from_instance,10,15,3,28,150,120,11,10,150,97,120,10,root > H:11 > BV:15 > BV:11 > BV:7 > BH:3 > BV:7 > BV:11 > BV:3 > BV:3 > BH:7,evaluated,4,inf,False,254,217,37,63.0,1.0,1.0,True,True,1,1,0,True,3,1,0,0,True,True,0,5,6,5,6,120,RP,sampled_pool,,,False,0.8,0.8380388179662637,0.19999999999999996,0.1,adaptive,,feasible_start_adaptive_spacing,feasible_start_adaptive_spacing,True,21,16,,,,True,,,,"1,4,11","1,3,5",True,,True,,11,"H[1,3,4,7,11]|V[1,3,5,7,11,15]",84d6181326b17f88de9c9ddfea7c1967c805f346
random_restart_bs_demo_layout_door_left_AW_2_seed_109,random_restart_bs,demo_layout_door_left_AW_2,109,12,auto_from_instance,10,15,3,28,150,121,12,1,150,98,121,11,root > V:8 > BH:13 > BH:20 > BH:10 > BV:16 > BV:15 > BV:4 > BV:4 > BH:14 > BV:12 > BH:25,evaluated,11,inf,False,262,193,69,68.0,1.0,1.0,True,True,1,1,0,True,3,1,0,0,True,True,0,7,6,7,6,121,RP_LS,sampled_pool,,,False,0.8066666666666666,0.7590383385501505,0.19333333333333336,0.1,adaptive,,feasible_start_adaptive_spacing,feasible_start_adaptive_spacing,True,21,16,,,,True,,,,"3,22,25","1,8,16",True,,True,,11,"H[3,10,13,14,20,22,25]|V[1,4,8,12,15,16]",82fc66fa554b45a88b96b4ed7f07af9e68b05b8d
random_restart_bs_demo_layout_door_left_AW_2_seed_109,random_restart_bs,demo_layout_door_left_AW_2,109,12,auto_from_instance,10,15,3,28,150,121,12,1,150,99,121,11,root > V:8 > BH:13 > BH:20 > BH:10 > BV:16 > BV:15 > BV:3 > BV:4 > BH:14 > BV:12 > BH:25,evaluated,11,0.8003663003663004,False,262,193,69,68.0,1.0,1.0,True,True,1,1,0,True,3,1,0,0,True,True,0,7,7,7,7,121,RP_LS,sampled_pool,,,False,0.8066666666666666,0.7590383385501505,0.19333333333333336,0.1,adaptive,,feasible_start_adaptive_spacing,feasible_start_adaptive_spacing,True,21,16,,,,True,,,,"3,22,25","1,8,16",True,,True,,11,"H[3,10,13,14,20,22,25]|V[1,3,4,8,12,15,16]",4ed847fa3c17ba8303fe349ed68567a0d0a4f3d6
random_restart_bs_demo_layout_door_left_AW_2_seed_109,random_restart_bs,demo_layout_door_left_AW_2,109,12,auto_from_instance,10,15,3,28,150,122,12,2,150,100,122,10,root > V:11 > BH:13 > BH:22 > BH:14 > BH:5 > BV:16 > BV:5 > BV:5 > BH:10 > BH:18,evaluated,15,0.0,False,294,167,127,91.0,1.0,1.0,True,True,1,1,0,True,3,1,0,0,True,True,0,9,5,9,5,122,SS,sampled_pool,,,True,0.8133333333333334,0.8251767618486596,0.18666666666666665,0.1,adaptive,,feasible_start_adaptive_spacing,feasible_start_adaptive_spacing,True,21,16,,,,True,,,,"1,11,20","11,15,17",True,,True,,11,"H[1,5,10,11,13,14,18,20,22]|V[5,11,15,16,17]",57a34fd8947d6fe9f4b48efa686d979ecdb1280d
random_restart_bs_demo_layout_door_left_AW_2_seed_109,random_restart_bs,demo_layout_door_left_AW_2,109,12,auto_from_instance,10,15,3,28,150,122,12,2,150,101,122,10,root > V:11 > BH:13 > BH:22 > BH:13 > BH:5 > BV:16 > BV:5 > BV:5 > BH:18 > BH:9,evaluated,15,0.0,False,294,167,127,91.0,1.0,1.0,True,True,1,1,0,True,3,1,0,0,True,True,0,8,5,8,5,122,SS,sampled_pool,,,True,0.8133333333333334,0.8251767618486596,0.18666666666666665,0.1,adaptive,,feasible_start_adaptive_spacing,feasible_start_adaptive_spacing,True,21,16,,,,True,,,,"1,11,20","11,15,17",True,,True,,11,"H[1,5,9,11,13,18,20,22]|V[5,11,15,16,17]",d4829d7f54b6ab3fbbdcfb2cc9c753af6bc4519f
random_restart_bs_demo_layout_door_left_AW_2_seed_109,random_restart_bs,demo_layout_door_left_AW_2,109,12,auto_from_instance,10,15,3,28,150,122,12,2,150,102,122,10,root > V:11 > BH:13 > BH:22 > BH:13 > BH:5 > BV:16 > BV:5 > BV:5 > BH:17 > BH:9,evaluated,15,inf,False,294,167,127,91.0,1.0,1.0,True,True,1,1,0,True,3,1,0,0,True,True,0,8,5,8,5,122,SS,sampled_pool,,,True,0.8133333333333334,0.8251767618486596,0.18666666666666665,0.1,adaptive,,feasible_start_adaptive_spacing,feasible_start_adaptive_spacing,True,21,16,,,,True,,,,"1,11,20","11,15,17",True,,True,,11,"H[1,5,9,11,13,17,20,22]|V[5,11,15,16,17]",e69ffa61eb0514ae25176e253684619ed8177e06
random_restart_bs_demo_layout_door_left_AW_2_seed_109,random_restart_bs,demo_layout_door_left_AW_2,109,12,auto_from_instance,10,15,3,28,150,127,12,7,150,103,127,12,root > H:12 > BV:14 > BV:12 > BV:7 > BH:4 > BV:7 > BV:3 > BH:18 > BH:23 > BV:3 > BH:8 > BV:18,evaluated,12,inf,False,262,192,70,95.0,1.0,1.0,True,True,1,1,0,True,3,1,0,0,True,True,0,7,7,7,7,127,RP,sampled_pool,,,False,0.8466666666666667,0.8213752269848469,0.15333333333333332,0.1,adaptive,,feasible_start_adaptive_spacing,feasible_start_adaptive_spacing,True,21,16,,,,True,,,,"11,12,19","1,14,15",True,,True,,12,"H[4,8,11,12,18,19,23]|V[1,3,7,12,14,15,18]",f00af836f198155e263c40abddce796c1ad5eee6
random_restart_bs_demo_layout_door_left_AW_2_seed_109,random_restart_bs,demo_layout_door_left_AW_2,109,12,auto_from_instance,10,15,3,28,150,127,12,7,150,104,127,12,root > H:12 > BV:14 > BV:12 > BV:7 > BH:4 > BV:7 > BV:3 > BH:18 > BH:23 > BV:3 > BV:18 > BV:18,evaluated,16,inf,False,262,180,82,101.0,1.0,1.0,True,True,1,1,0,True,3,1,0,0,True,True,0,6,7,6,7,127,RP,sampled_pool,,,False,0.8466666666666667,0.8213752269848469,0.15333333333333332,0.1,adaptive,,feasible_start_adaptive_spacing,feasible_start_adaptive_spacing,True,21,16,,,,True,,,,"11,12,19","1,14,15",True,,True,,11,"H[4,11,12,18,19,23]|V[1,3,7,12,14,15,18]",bd78cb338f75a5f927cd92c6906ad241d531fd1c
random_restart_bs_demo_layout_door_left_AW_2_seed_109,random_restart_bs,demo_layout_door_left_AW_2,109,12,auto_from_instance,10,15,3,28,150,127,12,7,150,105,127,12,root > H:12 > BV:14 > BV:12 > BV:7 > BH:4 > BV:7 > BV:3 > BH:18 > BH:23 > BV:3 > BV:16 > BV:18,evaluated,15,inf,False,262,186,76,101.0,1.0,1.0,True,True,1,1,0,True,3,1,0,0,True,True,0,6,8,6,8,127,RP,sampled_pool,,,False,0.8466666666666667,0.8213752269848469,0.15333333333333332,0.1,adaptive,,feasible_start_adaptive_spacing,feasible_start_adaptive_spacing,True,21,16,,,,True,,,,"11,12,19","1,14,15",True,,True,,12,"H[4,11,12,18,19,23]|V[1,3,7,12,14,15,16,18]",8ffc1a799c02459eb6ac02ae1c455cc942db8885
random_restart_bs_demo_layout_door_left_AW_2_seed_109,random_restart_bs,demo_layout_door_left_AW_2,109,12,auto_from_instance,10,15,3,28,150,128,12,8,150,106,128,11,root > V:8 > BH:13 > BH:20 > BH:10 > BV:16 > BV:14 > BH:25 > BH:14 > BV:4 > BV:4 > BV:12,evaluated,8,inf,False,264,196,68,52.0,1.0,1.0,True,True,1,1,0,True,3,1,0,0,True,True,0,7,7,7,7,128,SS,sampled_pool,,,True,0.8533333333333334,0.8396723984715403,0.1466666666666666,0.1,adaptive,,feasible_start_adaptive_spacing,feasible_start_adaptive_spacing,True,21,16,,,,True,,,,"20,23,24","6,7,8",True,,True,,11,"H[10,13,14,20,23,24,25]|V[4,6,7,8,12,14,16]",b960ad28518a7cc45c32fd42bd5542ce1a77f6ce
random_restart_bs_demo_layout_door_left_AW_2_seed_109,random_restart_bs,demo_layout_door_left_AW_2,109,12,auto_from_instance,10,15,3,28,150,128,12,8,150,107,128,11,root > V:8 > BH:13 > BH:20 > BH:10 > BV:16 > BV:14 > BH:25 > BH:14 > BV:3 > BV:4 > BV:12,evaluated,8,0.0,False,264,196,68,52.0,1.0,1.0,True,True,1,1,0,True,3,1,0,0,True,True,0,7,8,7,8,128,SS,sampled_pool,,,True,0.8533333333333334,0.8396723984715403,0.1466666666666666,0.1,adaptive,,feasible_start_adaptive_spacing,feasible_start_adaptive_spacing,True,21,16,,,,True,,,,"20,23,24","6,7,8",True,,True,,11,"H[10,13,14,20,23,24,25]|V[3,4,6,7,8,12,14,16]",d9c3062ee495e2bc60ffc6ca10d29785fca1a342
random_restart_bs_demo_layout_door_left_AW_2_seed_109,random_restart_bs,demo_layout_door_left_AW_2,109,12,auto_from_instance,10,15,3,28,150,128,12,8,150,108,128,11,root > V:8 > BH:13 > BH:20 > BH:10 > BV:16 > BV:14 > BH:25 > BH:14 > BV:4 > BV:3 > BV:12,evaluated,8,inf,False,264,196,68,52.0,1.0,1.0,True,True,1,1,0,True,3,1,0,0,True,True,0,7,8,7,8,128,SS,sampled_pool,,,True,0.8533333333333334,0.8396723984715403,0.1466666666666666,0.1,adaptive,,feasible_start_adaptive_spacing,feasible_start_adaptive_spacing,True,21,16,,,,True,,,,"20,23,24","6,7,8",True,,True,,11,"H[10,13,14,20,23,24,25]|V[3,4,6,7,8,12,14,16]",0facf2d3e406b06fab13da1f4f87ea5b826d4b2f
random_restart_bs_demo_layout_door_left_AW_2_seed_109,random_restart_bs,demo_layout_door_left_AW_2,109,13,auto_from_instance,10,15,3,28,150,136,13,6,150,109,136,9,root > H:19 > BV:15 > BV:7 > BV:3 > BV:11 > BV:4 > BV:8 > BV:16 > BV:12,evaluated,7,inf,False,262,212,50,84.0,1.0,1.0,True,True,1,1,0,True,3,1,0,0,True,True,0,3,10,3,10,136,PF_SS_RP,sampled_pool,,,True,0.9066666666666666,0.8532844828968297,0.1,0.1,adaptive,,feasible_start_adaptive_spacing,feasible_start_adaptive_spacing,True,21,16,,,,True,,,,"5,19,25","1,14,16",True,,True,,10,"H[5,19,25]|V[1,3,4,7,8,11,12,14,15,16]",1b14608452c276c3650410cad6b94e4d42ccc797
random_restart_bs_demo_layout_door_left_AW_2_seed_109,random_restart_bs,demo_layout_door_left_AW_2,109,13,auto_from_instance,10,15,3,28,150,136,13,6,150,110,136,9,root > H:19 > BV:15 > BV:7 > BV:3 > BV:11 > BV:3 > BV:8 > BV:16 > BV:12,evaluated,7,0.0,False,262,212,50,84.0,1.0,1.0,True,True,1,1,0,True,3,1,0,0,True,True,0,3,9,3,9,136,PF_SS_RP,sampled_pool,,,True,0.9066666666666666,0.8532844828968297,0.1,0.1,adaptive,,feasible_start_adaptive_spacing,feasible_start_adaptive_spacing,True,21,16,,,,True,,,,"5,19,25","1,14,16",True,,True,,10,"H[5,19,25]|V[1,3,7,8,11,12,14,15,16]",97e4d2f3bcd444c896534b88bd37b497397cffbc
random_restart_bs_demo_layout_door_left_AW_2_seed_109,random_restart_bs,demo_layout_door_left_AW_2,109,13,auto_from_instance,10,15,3,28,150,136,13,6,150,111,136,9,root > H:19 > BV:15 > BV:7 > BV:3 > BV:11 > BV:3 > BV:7 > BV:11 > BV:16,evaluated,7,inf,False,262,212,50,84.0,1.0,1.0,True,True,1,1,0,True,3,1,0,0,True,True,0,3,7,3,7,136,PF_SS_RP,sampled_pool,,,True,0.9066666666666666,0.8532844828968297,0.1,0.1,adaptive,,feasible_start_adaptive_spacing,feasible_start_adaptive_spacing,True,21,16,,,,True,,,,"5,19,25","1,14,16",True,,True,,10,"H[5,19,25]|V[1,3,7,11,14,15,16]",19cd2447fee1b05852a93a7d8f8c68827a3f1796
random_restart_bs_demo_layout_door_left_AW_2_seed_109,random_restart_bs,demo_layout_door_left_AW_2,109,13,auto_from_instance,10,15,3,28,150,140,13,10,150,112,140,12,root > V:7 > BH:13 > BH:19 > BH:7 > BV:15 > BV:15 > BH:15 > BV:3 > BV:3 > BH:11 > BV:11 > BV:11,evaluated,2,inf,False,244,218,26,48.0,1.0,1.0,True,True,1,1,0,True,3,1,0,0,True,True,0,7,6,7,6,140,RP,sampled_pool,,,False,0.9333333333333333,0.9064107606634906,0.1,0.1,adaptive,,feasible_start_adaptive_spacing,feasible_start_adaptive_spacing,True,21,16,,,,True,,,,"14,15,20","4,7,18",True,,True,,13,"H[7,11,13,14,15,19,20]|V[3,4,7,11,15,18]",a8a4f3da89c1ba50c7d8255dc27d90d9f23b6cdd
random_restart_bs_demo_layout_door_left_AW_2_seed_109,random_restart_bs,demo_layout_door_left_AW_2,109,13,auto_from_instance,10,15,3,28,150,140,13,10,150,113,140,12,root > V:7 > BH:13 > BH:19 > BH:7 > BV:15 > BV:15 > BH:15 > BV:3 > BV:3 > BH:11 > BV:11 > BH:3,evaluated,3,inf,False,244,212,32,54.0,1.0,1.0,True,True,1,1,0,True,3,1,0,0,True,True,0,8,6,8,6,140,RP,sampled_pool,,,False,0.9333333333333333,0.9064107606634906,0.1,0.1,adaptive,,feasible_start_adaptive_spacing,feasible_start_adaptive_spacing,True,21,16,,,,True,,,,"14,15,20","4,7,18",True,,True,,13,"H[3,7,11,13,14,15,19,20]|V[3,4,7,11,15,18]",dda399ce3d0dae800750345e6b63092f82839c2f
random_restart_bs_demo_layout_door_left_AW_2_seed_109,random_restart_bs,demo_layout_door_left_AW_2,109,13,auto_from_instance,10,15,3,28,150,140,13,10,150,114,140,12,root > V:7 > BH:13 > BH:19 > BH:7 > BV:15 > BV:15 > BH:15 > BV:3 > BV:3 > BH:11 > BV:11 > BH:25,evaluated,4,1.3878033205619413,False,244,206,38,54.0,1.0,1.0,True,True,1,1,0,True,3,1,0,0,True,True,0,8,6,8,6,140,RP,sampled_pool,,,False,0.9333333333333333,0.9064107606634906,0.1,0.1,adaptive,,feasible_start_adaptive_spacing,feasible_start_adaptive_spacing,True,21,16,,,,True,,,,"14,15,20","4,7,18",True,,True,,12,"H[7,11,13,14,15,19,20,25]|V[3,4,7,11,15,18]",44f08a2c97ad665ba4ce67198d94ae55299d1bd0
random_restart_bs_demo_layout_door_left_AW_2_seed_109,random_restart_bs,demo_layout_door_left_AW_2,109,14,auto_from_instance,10,15,3,28,150,141,14,1,150,115,141,10,root > V:4 > BH:13 > BH:23 > BH:19 > BH:15 > BH:6 > BH:11 > BV:8 > BV:12 > BV:16,evaluated,8,1.2922430830039526,False,264,206,58,57.0,1.0,1.0,True,True,1,1,0,True,3,1,0,0,True,True,0,9,6,9,6,141,PF,sampled_pool,,,False,0.94,1.0,0.1,0.1,adaptive,,feasible_start_adaptive_spacing,feasible_start_adaptive_spacing,True,21,16,,,,True,,,,"2,10,22","4,7,17",True,,True,,11,"H[2,6,10,11,13,15,19,22,23]|V[4,7,8,12,16,17]",d18002ddb658064beb0d7b75fe4ae2febdabfe98
random_restart_bs_demo_layout_door_left_AW_2_seed_109,random_restart_bs,demo_layout_door_left_AW_2,109,14,auto_from_instance,10,15,3,28,150,141,14,1,150,116,141,10,root > V:4 > BH:13 > BH:23 > BH:19 > BH:15 > BH:6 > BH:11 > BV:8 > BV:12 > BV:18,evaluated,9,1.759826380516036,False,264,201,63,57.0,1.0,1.0,True,True,1,1,0,True,3,1,0,0,True,True,0,9,6,9,6,141,PF,sampled_pool,,,False,0.94,1.0,0.1,0.1,adaptive,,feasible_start_adaptive_spacing,feasible_start_adaptive_spacing,True,21,16,,,,True,,,,"2,10,22","4,7,17",True,,True,,10,"H[2,6,10,11,13,15,19,22,23]|V[4,7,8,12,17,18]",953058d415c29b880ed05c17e0b7f442f2a0c122
