run_id,method,method_or_variant,instance,seed,generation,candidate_id,rank,layout_signature,interior_storage,retrieval_penalty,pick_faces,door_connectivity_index,source
proposed_nsga2_bs_Gyorgy-KOVACS_WH_Narrow_AW_4_seed_125,proposed_nsga2_bs,V7_beam_plus1_depth_default,Gyorgy-KOVACS_WH_Narrow_AW_4,125,0,1,0,1fa9344c00a95c630e382533991ef575b2f5e6b5,290,341.0,270,1.0,rank0
proposed_nsga2_bs_Gyorgy-KOVACS_WH_Narrow_AW_4_seed_125,proposed_nsga2_bs,V7_beam_plus1_depth_default,Gyorgy-KOVACS_WH_Narrow_AW_4,125,1,1,0,4f35134ef44f2e0d5d2490dacccd7358ef66b559,331,492.0,261,1.0,rank0
proposed_nsga2_bs_Gyorgy-KOVACS_WH_Narrow_AW_4_seed_125,proposed_nsga2_bs,V7_beam_plus1_depth_default,Gyorgy-KOVACS_WH_Narrow_AW_4,125,1,3,0,fc4825140fa5e2560776b4b932f5ef46c1588f36,418,472.0,262,1.0,rank0
proposed_nsga2_bs_Gyorgy-KOVACS_WH_Narrow_AW_4_seed_125,proposed_nsga2_bs,V7_beam_plus1_depth_default,Gyorgy-KOVACS_WH_Narrow_AW_4,125,2,1,0,fc4825140fa5e2560776b4b932f5ef46c1588f36,418,472.0,262,1.0,rank0
proposed_nsga2_bs_Gyorgy-KOVACS_WH_Narrow_AW_4_seed_125,proposed_nsga2_bs,V7_beam_plus1_depth_default,Gyorgy-KOVACS_WH_Narrow_AW_4,125,3,10,0,fc4825140fa5e2560776b4b932f5ef46c1588f36,418,472.0,262,1.0,rank0
proposed_nsga2_bs_Gyorgy-KOVACS_WH_Narrow_AW_4_seed_125,proposed_nsga2_bs,V7_beam_plus1_depth_default,Gyorgy-KOVACS_WH_Narrow_AW_4,125,3,18,0,4f35134ef44f2e0d5d2490dacccd7358ef66b559,331,492.0,261,1.0,rank0
proposed_nsga2_bs_Gyorgy-KOVACS_WH_Narrow_AW_4_seed_125,proposed_nsga2_bs,V7_beam_plus1_depth_default,Gyorgy-KOVACS_WH_Narrow_AW_4,125,4,15,0,fc4825140fa5e2560776b4b932f5ef46c1588f36,418,472.0,262,1.0,rank0
proposed_nsga2_bs_Gyorgy-KOVACS_WH_Narrow_AW_4_seed_125,proposed_nsga2_bs,V7_beam_plus1_depth_default,Gyorgy-KOVACS_WH_Narrow_AW_4,125,5,11,0,fc4825140fa5e2560776b4b932f5ef46c1588f36,418,472.0,262,1.0,rank0
proposed_nsga2_bs_Gyorgy-KOVACS_WH_Narrow_AW_4_seed_125,proposed_nsga2_bs,V7_beam_plus1_depth_default,Gyorgy-KOVACS_WH_Narrow_AW_4,125,6,6,0,fc4825140fa5e2560776b4b932f5ef46c1588f36,418,472.0,262,1.0,rank0
proposed_nsga2_bs_Gyorgy-KOVACS_WH_Narrow_AW_4_seed_125,proposed_nsga2_bs,V7_beam_plus1_depth_default,Gyorgy-KOVACS_WH_Narrow_AW_4,125,6,11,0,6b741b69cafdf845076912c9118d6404ec3124cc,397,493.0,243,1.0,rank0
proposed_nsga2_bs_Gyorgy-KOVACS_WH_Narrow_AW_4_seed_125,proposed_nsga2_bs,V7_beam_plus1_depth_default,Gyorgy-KOVACS_WH_Narrow_AW_4,125,7,5,0,fc4825140fa5e2560776b4b932f5ef46c1588f36,418,472.0,262,1.0,rank0
proposed_nsga2_bs_Gyorgy-KOVACS_WH_Narrow_AW_4_seed_125,proposed_nsga2_bs,V7_beam_plus1_depth_default,Gyorgy-KOVACS_WH_Narrow_AW_4,125,7,6,0,6b741b69cafdf845076912c9118d6404ec3124cc,397,493.0,243,1.0,rank0
proposed_nsga2_bs_Gyorgy-KOVACS_WH_Narrow_AW_4_seed_125,proposed_nsga2_bs,V7_beam_plus1_depth_default,Gyorgy-KOVACS_WH_Narrow_AW_4,125,7,23,0,08ee812bc396556b6550be0bd82f9266dcd2fe55,386,550.0,246,1.0,rank0
proposed_nsga2_bs_Gyorgy-KOVACS_WH_Narrow_AW_4_seed_125,proposed_nsga2_bs,V7_beam_plus1_depth_default,Gyorgy-KOVACS_WH_Narrow_AW_4,125,7,24,0,660d9dab711cc8220a7c4152b9d81284ad744a59,386,550.0,246,1.0,rank0
proposed_nsga2_bs_Gyorgy-KOVACS_WH_Narrow_AW_4_seed_125,proposed_nsga2_bs,V7_beam_plus1_depth_default,Gyorgy-KOVACS_WH_Narrow_AW_4,125,8,1,0,fc4825140fa5e2560776b4b932f5ef46c1588f36,418,472.0,262,1.0,rank0
proposed_nsga2_bs_Gyorgy-KOVACS_WH_Narrow_AW_4_seed_125,proposed_nsga2_bs,V7_beam_plus1_depth_default,Gyorgy-KOVACS_WH_Narrow_AW_4,125,8,11,0,31618e0fa9e7ba38a349d70c4dff96d8a35cbd09,344,444.0,256,1.0,rank0
proposed_nsga2_bs_Gyorgy-KOVACS_WH_Narrow_AW_4_seed_125,proposed_nsga2_bs,V7_beam_plus1_depth_default,Gyorgy-KOVACS_WH_Narrow_AW_4,125,8,32,0,fea701f0583835df4b444390b8a258baa8ff22f2,368,359.0,248,1.0,rank0
proposed_nsga2_bs_Gyorgy-KOVACS_WH_Narrow_AW_4_seed_125,proposed_nsga2_bs,V7_beam_plus1_depth_default,Gyorgy-KOVACS_WH_Narrow_AW_4,125,9,5,0,fc4825140fa5e2560776b4b932f5ef46c1588f36,418,472.0,262,1.0,rank0
proposed_nsga2_bs_Gyorgy-KOVACS_WH_Narrow_AW_4_seed_125,proposed_nsga2_bs,V7_beam_plus1_depth_default,Gyorgy-KOVACS_WH_Narrow_AW_4,125,9,17,0,6b741b69cafdf845076912c9118d6404ec3124cc,397,493.0,243,1.0,rank0
proposed_nsga2_bs_Gyorgy-KOVACS_WH_Narrow_AW_4_seed_125,proposed_nsga2_bs,V7_beam_plus1_depth_default,Gyorgy-KOVACS_WH_Narrow_AW_4,125,9,23,0,08ee812bc396556b6550be0bd82f9266dcd2fe55,386,550.0,246,1.0,rank0
proposed_nsga2_bs_Gyorgy-KOVACS_WH_Narrow_AW_4_seed_125,proposed_nsga2_bs,V7_beam_plus1_depth_default,Gyorgy-KOVACS_WH_Narrow_AW_4,125,9,24,0,660d9dab711cc8220a7c4152b9d81284ad744a59,386,550.0,246,1.0,rank0
proposed_nsga2_bs_Gyorgy-KOVACS_WH_Narrow_AW_4_seed_125,proposed_nsga2_bs,V7_beam_plus1_depth_default,Gyorgy-KOVACS_WH_Narrow_AW_4,125,10,1,0,08ee812bc396556b6550be0bd82f9266dcd2fe55,386,550.0,246,1.0,rank0
proposed_nsga2_bs_Gyorgy-KOVACS_WH_Narrow_AW_4_seed_125,proposed_nsga2_bs,V7_beam_plus1_depth_default,Gyorgy-KOVACS_WH_Narrow_AW_4,125,10,2,0,660d9dab711cc8220a7c4152b9d81284ad744a59,386,550.0,246,1.0,rank0
proposed_nsga2_bs_Gyorgy-KOVACS_WH_Narrow_AW_4_seed_125,proposed_nsga2_bs,V7_beam_plus1_depth_default,Gyorgy-KOVACS_WH_Narrow_AW_4,125,10,15,0,fc4825140fa5e2560776b4b932f5ef46c1588f36,418,472.0,262,1.0,rank0
proposed_nsga2_bs_Gyorgy-KOVACS_WH_Narrow_AW_4_seed_125,proposed_nsga2_bs,V7_beam_plus1_depth_default,Gyorgy-KOVACS_WH_Narrow_AW_4,125,11,5,0,fc4825140fa5e2560776b4b932f5ef46c1588f36,418,472.0,262,1.0,rank0
proposed_nsga2_bs_Gyorgy-KOVACS_WH_Narrow_AW_4_seed_125,proposed_nsga2_bs,V7_beam_plus1_depth_default,Gyorgy-KOVACS_WH_Narrow_AW_4,125,11,15,0,08ee812bc396556b6550be0bd82f9266dcd2fe55,386,550.0,246,1.0,rank0
proposed_nsga2_bs_Gyorgy-KOVACS_WH_Narrow_AW_4_seed_125,proposed_nsga2_bs,V7_beam_plus1_depth_default,Gyorgy-KOVACS_WH_Narrow_AW_4,125,11,16,0,660d9dab711cc8220a7c4152b9d81284ad744a59,386,550.0,246,1.0,rank0
proposed_nsga2_bs_Gyorgy-KOVACS_WH_Narrow_AW_4_seed_125,proposed_nsga2_bs,V7_beam_plus1_depth_default,Gyorgy-KOVACS_WH_Narrow_AW_4,125,11,20,0,8498d8f1059034f9f144b058e7e18d5585555d05,372,562.0,252,1.0,rank0
proposed_nsga2_bs_Gyorgy-KOVACS_WH_Narrow_AW_4_seed_125,proposed_nsga2_bs,V7_beam_plus1_depth_default,Gyorgy-KOVACS_WH_Narrow_AW_4,125,12,1,0,fc4825140fa5e2560776b4b932f5ef46c1588f36,418,472.0,262,1.0,rank0
proposed_nsga2_bs_Gyorgy-KOVACS_WH_Narrow_AW_4_seed_125,proposed_nsga2_bs,V7_beam_plus1_depth_default,Gyorgy-KOVACS_WH_Narrow_AW_4,125,12,20,0,31618e0fa9e7ba38a349d70c4dff96d8a35cbd09,344,444.0,256,1.0,rank0
proposed_nsga2_bs_Gyorgy-KOVACS_WH_Narrow_AW_4_seed_125,proposed_nsga2_bs,V7_beam_plus1_depth_default,Gyorgy-KOVACS_WH_Narrow_AW_4,125,13,1,0,31618e0fa9e7ba38a349d70c4dff96d8a35cbd09,344,444.0,256,1.0,rank0
proposed_nsga2_bs_Gyorgy-KOVACS_WH_Narrow_AW_4_seed_125,proposed_nsga2_bs,V7_beam_plus1_depth_default,Gyorgy-KOVACS_WH_Narrow_AW_4,125,13,9,0,fc4825140fa5e2560776b4b932f5ef46c1588f36,418,472.0,262,1.0,rank0
proposed_nsga2_bs_Gyorgy-KOVACS_WH_Narrow_AW_4_seed_125,proposed_nsga2_bs,V7_beam_plus1_depth_default,Gyorgy-KOVACS_WH_Narrow_AW_4,125,14,16,0,fc4825140fa5e2560776b4b932f5ef46c1588f36,418,472.0,262,1.0,rank0
proposed_nsga2_bs_Gyorgy-KOVACS_WH_Narrow_AW_4_seed_125,proposed_nsga2_bs,V7_beam_plus1_depth_default,Gyorgy-KOVACS_WH_Narrow_AW_4,125,14,29,0,31618e0fa9e7ba38a349d70c4dff96d8a35cbd09,344,444.0,256,1.0,rank0
proposed_nsga2_bs_Gyorgy-KOVACS_WH_Narrow_AW_4_seed_125,proposed_nsga2_bs,V7_beam_plus1_depth_default,Gyorgy-KOVACS_WH_Narrow_AW_4,125,15,5,0,fc4825140fa5e2560776b4b932f5ef46c1588f36,418,472.0,262,1.0,rank0
proposed_nsga2_bs_Gyorgy-KOVACS_WH_Narrow_AW_4_seed_125,proposed_nsga2_bs,V7_beam_plus1_depth_default,Gyorgy-KOVACS_WH_Narrow_AW_4,125,15,16,0,c31e5af53b1ab973249c91c35b02a53fe27d43b5,397,467.0,243,1.0,rank0
proposed_nsga2_bs_Gyorgy-KOVACS_WH_Narrow_AW_4_seed_125,proposed_nsga2_bs,V7_beam_plus1_depth_default,Gyorgy-KOVACS_WH_Narrow_AW_4,125,15,20,0,08ee812bc396556b6550be0bd82f9266dcd2fe55,386,550.0,246,1.0,rank0
proposed_nsga2_bs_Gyorgy-KOVACS_WH_Narrow_AW_4_seed_125,proposed_nsga2_bs,V7_beam_plus1_depth_default,Gyorgy-KOVACS_WH_Narrow_AW_4,125,15,21,0,660d9dab711cc8220a7c4152b9d81284ad744a59,386,550.0,246,1.0,rank0
proposed_nsga2_bs_Gyorgy-KOVACS_WH_Narrow_AW_4_seed_125,proposed_nsga2_bs,V7_beam_plus1_depth_default,Gyorgy-KOVACS_WH_Narrow_AW_4,125,16,1,0,31618e0fa9e7ba38a349d70c4dff96d8a35cbd09,344,444.0,256,1.0,rank0
proposed_nsga2_bs_Gyorgy-KOVACS_WH_Narrow_AW_4_seed_125,proposed_nsga2_bs,V7_beam_plus1_depth_default,Gyorgy-KOVACS_WH_Narrow_AW_4,125,16,14,0,fc4825140fa5e2560776b4b932f5ef46c1588f36,418,472.0,262,1.0,rank0
proposed_nsga2_bs_Gyorgy-KOVACS_WH_Narrow_AW_4_seed_125,proposed_nsga2_bs,V7_beam_plus1_depth_default,Gyorgy-KOVACS_WH_Narrow_AW_4,125,16,17,0,fea701f0583835df4b444390b8a258baa8ff22f2,368,359.0,248,1.0,rank0
proposed_nsga2_bs_Gyorgy-KOVACS_WH_Narrow_AW_4_seed_125,proposed_nsga2_bs,V7_beam_plus1_depth_default,Gyorgy-KOVACS_WH_Narrow_AW_4,125,17,5,0,fc4825140fa5e2560776b4b932f5ef46c1588f36,418,472.0,262,1.0,rank0
proposed_nsga2_bs_Gyorgy-KOVACS_WH_Narrow_AW_4_seed_125,proposed_nsga2_bs,V7_beam_plus1_depth_default,Gyorgy-KOVACS_WH_Narrow_AW_4,125,17,7,0,c31e5af53b1ab973249c91c35b02a53fe27d43b5,397,467.0,243,1.0,rank0
